page_views,session_duration,bounce_rate,traffic_source,time_on_page,previous_visits,conversion_rate
5,11.051381236591851,0.230651936613825,Organic,3.890460070474997,3,1.0
4,3.429315699032408,0.3910013338541704,Social,8.478174486998954,0,1.0
4,1.621052045863385,0.3979861064942929,Organic,9.636169627400935,2,1.0
5,3.6292789551861424,0.180457684705222,Organic,2.071924676446509,3,1.0
5,4.235843279057931,0.2915408735093031,Paid,1.9606538296835625,5,1.0
3,4.541867820189699,0.4207400490026312,Social,3.438711547796116,2,1.0
5,1.9495580162309407,0.0349781570158815,Social,2.1192714722548773,1,1.0
4,1.6857397554121445,0.2523427595625629,Paid,3.4780157014833533,5,1.0
6,0.0332680331834028,0.120702770574107,Organic,5.285519080243383,1,1.0
7,7.833741754811087,0.2127268859236291,Paid,4.060115222739396,5,1.0
2,2.773784434424699,0.4857678223385693,Direct,2.9736527872816234,3,1.0
5,0.6812812938933654,0.4538905515767142,Referral,1.4990085570331235,0,1.0
5,7.562350901457057,0.2635519765790136,Social,9.68859191827762,0,1.0
6,7.392909562806381,0.2633359443463259,Paid,4.981015475004269,2,1.0
4,13.58023186909955,0.3205880939741078,Paid,5.802188906041352,3,1.0
6,6.215767159872134,0.2966410058170743,Paid,10.028903177808292,2,1.0
6,18.336679603402363,0.3376945510103158,Referral,2.984756677500051,0,1.0
1,0.8418659136590263,0.2493163814079028,Social,8.303624479819767,1,1.0
7,5.540223444247188,0.2566845470224227,Paid,8.79349224549781,3,1.0
2,5.19529648769634,0.1729777360004424,Paid,2.88998002366816,2,1.0
11,0.7877602686116874,0.2516407259960402,Organic,11.69293806671197,5,1.0
4,0.3108778925904152,0.6443099889585625,Organic,4.164912574168854,4,1.0
3,11.650381526779784,0.2873295684888015,Direct,6.025224138779933,1,1.0
8,1.0530353932538,0.1835897156595087,Organic,3.727506649888684,2,1.0
3,6.141313177985501,0.0931458395300509,Social,5.083885619406432,2,1.0
3,0.0124070846501974,0.1188282623941044,Referral,1.3362649572248342,3,1.0
5,0.063746928355616,0.0560941217204222,Social,7.053034390259116,1,1.0
8,1.881355422317819,0.0132641641178454,Direct,2.1077428505750926,2,1.0
3,0.8182412064917589,0.1580981551151219,Referral,15.022219699523305,3,1.0
2,3.5120133708249206,0.1350331065052273,Social,1.5528284464131656,0,0.9630796688606292
5,2.501122170816019,0.1237309497639832,Organic,3.296032105806264,2,1.0
3,0.2419575224050296,0.4444082062720181,Referral,2.638993031698373,2,0.8685932750242634
8,0.5324616499450573,0.2509032190407618,Social,0.9660238146126964,2,1.0
10,1.4733105190261189,0.2134857990452205,Organic,9.004402386978137,1,1.0
3,0.6159258699612696,0.0755362219785417,Referral,1.9512684578896329,1,0.9722766323111524
2,4.713860244535957,0.6819301199136395,Social,3.8695259450719535,4,1.0
5,1.6139237092345338,0.3684717274880268,Social,1.687480629380767,1,0.8928560062894427
7,0.2942672727913847,0.1483101754810614,Organic,7.171731070045035,2,1.0
6,1.9869398210752247,0.2303267171713325,Referral,2.9924661629200124,0,1.0
6,0.2856965460413616,0.4804925449137873,Organic,4.219468464008543,1,1.0
2,0.4141239741595808,0.2664108739926462,Referral,3.2797725492389875,1,0.9840040614336184
4,0.8217707955761175,0.1254543622118361,Paid,4.612913657593009,1,1.0
9,5.888235000079522,0.2932490957301747,Paid,8.652438902021206,0,1.0
7,7.755342687286447,0.4608732858210607,Paid,3.300934783726686,1,1.0
11,5.250546842673495,0.2885054510603321,Organic,5.2768128128400615,2,1.0
8,1.2197446716971667,0.6132410977968061,Organic,3.0619349856020834,0,1.0
3,0.9542029865321496,0.4013297362846464,Organic,1.4256441294342004,1,0.9624936422244482
2,2.38989963442255,0.1894808144101669,Referral,4.237897870312852,2,1.0
3,3.838818315655759,0.189265462107479,Social,1.593548073244933,2,1.0
4,15.049713300643354,0.0305251444806434,Organic,2.8738706829314733,1,1.0
5,0.4232073450418146,0.8449393803434533,Organic,0.7278104461411538,4,0.7492036585051882
5,0.1516449233206013,0.1892291636317873,Paid,3.970197239543308,2,1.0
4,3.5560016694394703,0.1605296507171907,Referral,3.15454998708788,4,1.0
3,5.3554084587506505,0.38612473548671,Organic,3.8340733205967767,1,1.0
8,5.619210148332473,0.3589295820700379,Organic,3.9109380779702,2,1.0
2,3.403933092165628,0.04820166890094,Organic,4.879187493991548,4,1.0
1,9.238372528003191,0.5263555174915215,Organic,5.415281971069926,2,1.0
4,2.146207592864058,0.1592057388481888,Organic,14.33851630786508,5,1.0
5,7.353770371452756,0.2228967038497635,Organic,9.840270639683602,2,1.0
4,10.308497468065536,0.6463903300210974,Referral,5.3168998790137945,1,1.0
3,5.6350410547428265,0.05417940231829,Referral,2.769737314803667,1,1.0
4,1.1121415028208963,0.2937539594143235,Organic,2.8142589453247195,1,1.0
8,0.6552728058899355,0.2682410176642265,Referral,0.3706030514512945,2,0.9073492919062902
2,2.3830162947800466,0.0831142767294545,Paid,1.586549520701836,1,0.6252939908196553
2,1.810000328651607,0.15809285358717,Direct,3.079790781764523,2,1.0
2,6.305266175252669,0.2490188500275188,Organic,4.219020147523022,4,1.0
7,0.3161871190548802,0.2342165415543504,Referral,18.23996375799351,2,1.0
6,0.8941673264414414,0.2200510159535976,Referral,4.770245175706212,5,1.0
7,4.18054846103158,0.1036292297839558,Organic,5.464398172543695,3,1.0
6,0.2994167353798396,0.496233396048682,Direct,1.380698486793157,4,1.0
7,1.1603617541895956,0.5398582919283599,Paid,2.25388062686357,1,1.0
6,1.4689316184688963,0.1151879431335723,Referral,3.096119050330377,1,1.0
4,2.923299626646029,0.171382316277028,Organic,0.9899936276823876,2,1.0
2,0.5163984409013744,0.1901883878897562,Organic,4.6816217034678,1,1.0
3,5.911319979457081,0.3238853886802373,Paid,1.962131629101919,3,1.0
4,1.7801348783852746,0.2735038876920478,Organic,1.2233165297261226,2,1.0
7,7.4675288829847695,0.5093217486631368,Paid,6.3634723300972365,0,1.0
4,1.8926018888608171,0.1397961636790493,Organic,3.1033895265566587,0,1.0
3,0.9649174657281344,0.4854521835042943,Referral,4.377897111227182,0,1.0
2,0.4588550970831323,0.36961868677751,Paid,1.24304707030713,2,0.7967557424547288
6,0.0112563754111372,0.1831266779641198,Organic,5.900334030844856,2,1.0
3,2.2788706382199604,0.4759607164569466,Referral,5.027113599371577,1,1.0
5,0.3400325579558769,0.3141586794354785,Paid,3.714916639818429,3,1.0
9,1.4913982201312304,0.1249713200345534,Organic,5.792328941717439,1,1.0
6,2.6694705082287595,0.3970800939316899,Organic,2.2606589736464398,2,0.8687610399453146
6,0.9675904098674976,0.2322428524572279,Organic,2.6504010685917785,1,1.0
9,0.5779313974360883,0.6457106694868895,Organic,2.5728844533515853,2,1.0
4,4.471255226016584,0.1471812206831701,Direct,0.7919360899622273,2,1.0
9,8.80059288553245,0.2898801421887009,Paid,2.997510010313455,1,1.0
2,0.3175499658303944,0.1671402525916281,Organic,3.4937756517619354,2,1.0
10,0.5073525135162468,0.2354840228585739,Organic,2.134253607453947,0,1.0
6,9.657576918783365,0.051086870800733,Organic,3.1070076519935896,3,1.0
9,0.1155496554534393,0.1100238844017761,Paid,3.276242705373073,1,1.0
4,11.400416877338902,0.0669185959955765,Organic,5.5535489926849735,3,1.0
1,0.0139659066271273,0.3133613570187845,Paid,5.755733747613868,4,1.0
6,6.206541319901083,0.2563381237756467,Organic,9.081799797021272,1,1.0
8,1.1015838796582622,0.3068085992120768,Social,2.2705261958393845,5,1.0
6,8.370491992142888,0.2964079056711756,Organic,7.478524876377625,0,1.0
2,1.143540954398527,0.3815736795386159,Paid,6.619431041505792,3,1.0
3,3.186606655219403,0.068599468370799,Referral,1.1218573860138978,3,1.0
5,0.2502510344556304,0.045909718802066,Paid,6.971477091571966,2,1.0
3,0.8325212864557237,0.2831866242706098,Social,1.1263977197236308,1,0.8744843267502497
3,4.457407393190684,0.1311917349714964,Referral,3.7901010927703633,0,1.0
5,2.2566912899066884,0.1727127120638288,Paid,7.826826066796699,5,1.0
6,7.891978664572248,0.3998181506527994,Paid,0.4243939424485501,0,1.0
5,1.679792406433677,0.227532182911388,Direct,5.162229294657114,0,1.0
3,6.116335587742476,0.3909923542014915,Referral,1.2486325879613145,1,1.0
5,1.7878187921382305,0.5042881717594425,Direct,9.227409198604729,2,1.0
3,11.625378244874224,0.2852315842956066,Organic,6.473043947706223,1,1.0
3,9.64423172393417,0.5739087701953813,Paid,0.9140210593945092,5,1.0
6,1.1975696904893145,0.1617778916894449,Direct,2.3981329274077803,1,0.9088357026361086
5,6.512662490682253,0.1351135552621585,Organic,8.233772652219175,2,1.0
6,5.643963817427391,0.23675500359878,Direct,4.468721981755516,3,1.0
2,0.7097519011818283,0.164526487976559,Organic,5.685964728757378,1,1.0
4,2.936816329533221,0.2530427949307719,Direct,2.644228965632059,1,1.0
7,0.2263772114878869,0.5457533592735235,Paid,6.688997323275894,1,1.0
6,5.436695792351719,0.1036711961214268,Organic,10.679449414627271,2,1.0
5,0.5754647995443896,0.2566508003454342,Social,1.4213801693060428,1,1.0
4,0.2203412992879926,0.4494711140356089,Organic,2.5218802882446263,2,1.0
3,1.5335725490526284,0.3171730094227865,Organic,4.474073839817083,2,1.0
3,2.580597142110548,0.1876220487689337,Organic,3.058990147789545,4,1.0
7,5.7913470027108005,0.1941115524545964,Referral,4.3985189793959245,1,1.0
7,10.977091268977032,0.4438276047983579,Direct,5.067110645459287,3,1.0
6,1.7367380342262182,0.199953157956209,Organic,3.072196813946721,3,1.0
6,0.1870529002937989,0.2190782166390574,Paid,2.179539054299033,3,1.0
7,4.1482887603234415,0.2709528740375334,Organic,3.784863276164753,3,1.0
8,2.498422852206063,0.3043091873047309,Referral,1.0710391996741937,0,1.0
6,1.78203123907626,0.0552136922775337,Organic,1.9879835143919349,0,1.0
3,1.1100139392391175,0.2162418595800752,Organic,2.725889501821931,2,1.0
7,2.0938673371432466,0.0510522902438839,Organic,3.551557937110545,2,1.0
5,1.240550529563596,0.1139363263473978,Paid,8.767249214248691,0,1.0
5,4.244228025902186,0.2112439156594694,Social,0.6689786983316508,1,1.0
7,2.3550881247292024,0.3306023200701377,Paid,3.6438179525181646,0,1.0
4,6.28300224093805,0.2859935464951983,Organic,5.672679926459652,1,1.0
9,2.352788346448182,0.0562264496988952,Paid,2.9341606232289847,1,1.0
4,0.8164594712035298,0.4772944870437045,Social,2.252288264698725,0,1.0
5,5.713277467576045,0.1987990771428499,Organic,3.2758003650227674,1,1.0
2,2.4440402679092195,0.3346154179043382,Organic,2.296890371421974,2,1.0
6,0.6951948633680447,0.1463059665156274,Organic,1.4920045781034217,5,1.0
3,2.930573926598889,0.3152610306849136,Referral,1.8151687334964832,0,1.0
6,1.3281776894388035,0.5123492200305838,Paid,1.8443252983349196,0,0.9325454594296814
2,5.58150820981024,0.2780673788599246,Paid,14.264802931707855,3,1.0
3,1.8115637850745652,0.1575111953787996,Organic,4.103969067239065,6,1.0
5,3.8887178019998303,0.1425346737889799,Organic,3.141011092559457,2,1.0
3,0.3012390165065718,0.2284727323906531,Direct,1.5561284920660086,1,1.0
4,1.5126641709219673,0.2769074232965213,Organic,9.791441185977844,1,1.0
5,12.266537687935152,0.0857546234540837,Direct,5.452240456492651,1,1.0
6,4.957980378612432,0.1765612628140704,Paid,5.9369222268790125,2,1.0
3,0.5228487487656157,0.5280604060827006,Organic,8.897551137734014,2,1.0
3,0.9762101765975316,0.1945413159564688,Paid,2.3102080586045988,1,1.0
4,1.2006080766715876,0.0313796656053493,Direct,9.049868247078232,0,1.0
5,3.1526013866520888,0.1394595720655908,Paid,4.376876322838118,2,1.0
4,4.244016809963814,0.2462714108251806,Social,7.275034714239368,5,1.0
2,4.153207760655973,0.177797786867308,Organic,3.5498083436792056,4,1.0
6,2.139278678872115,0.3994584897869793,Paid,2.353521169793928,1,1.0
6,4.995177537594125,0.394311397066615,Social,5.883734969007183,3,1.0
8,1.7238430529144333,0.0217225983360254,Direct,1.346004106652498,2,1.0
1,0.3967585690575952,0.2549449489445414,Paid,5.419541377159844,2,1.0
6,2.493380843270661,0.1152029675283075,Referral,0.2070173819999189,3,1.0
2,9.128558726358031,0.1040616618915663,Organic,0.8465403052133496,1,1.0
5,4.725017449757027,0.5935636271771894,Organic,1.740479856108795,6,1.0
2,2.5932349420926637,0.1560048092597932,Organic,3.016579317195472,5,1.0
6,3.1222105088525813,0.113945984927015,Organic,6.081979543064046,2,1.0
4,8.001964200709786,0.322041647534774,Organic,1.9347063956718211,3,1.0
3,1.6776472746574818,0.4808339098593076,Organic,4.80342949711786,2,1.0
5,1.2076816166111808,0.0944746737795822,Direct,3.1162333816392547,0,1.0
6,11.348458299276192,0.1234849792139043,Referral,7.008283027454058,0,1.0
3,5.973042440378119,0.2942400230616854,Paid,1.5864544419609712,1,1.0
4,1.170445161584612,0.6315198751416798,Direct,2.6644997979833374,3,1.0
8,1.8696356051504632,0.3035135654312956,Organic,8.023780429273895,2,1.0
4,1.6088309835866306,0.5656975822865379,Paid,1.436848945773108,2,0.8248027988594051
10,0.4843667628025118,0.6420299221182524,Referral,5.274311468214218,4,1.0
4,9.497379219239686,0.3283843144650636,Organic,0.557270605809776,0,1.0
5,1.554116888462007,0.3767705822363964,Referral,8.505160283446262,2,1.0
10,6.246233022988854,0.1845266137726085,Organic,1.756233586722795,0,1.0
3,0.6297796990361515,0.419572940660775,Organic,1.909935826166936,7,1.0
4,2.381361968440681,0.1415866582536039,Organic,1.0462371417866865,1,0.9933829120236504
7,0.0727593867895229,0.1268491719144591,Direct,5.003371014447885,1,1.0
5,4.334574492637506,0.4509169341674394,Referral,3.831937970323239,4,1.0
10,2.609036660175747,0.1676802152975113,Referral,1.5235067144705878,3,1.0
4,2.94720813850993,0.3112703131543445,Paid,3.3429796629206106,2,1.0
2,0.1593191771324265,0.3907657741344331,Organic,13.33602859214232,1,1.0
3,0.7111126201871178,0.1731158236047595,Referral,6.910315317448445,1,1.0
5,0.2317152652333174,0.0994940557542345,Paid,7.983271935667626,2,1.0
8,1.022887032626958,0.0360059968361741,Organic,1.864586258447049,1,1.0
4,2.9620635504001505,0.1391470264482049,Referral,1.6280821415885804,3,1.0
3,2.50541811606814,0.6510126073390348,Organic,0.6631754076734568,2,1.0
8,2.841408456324744,0.1410292205916578,Organic,4.301892387599437,0,1.0
6,2.390535712457777,0.0446765805604612,Social,2.7264653522163536,2,1.0
8,0.9566052334221544,0.5582407707059253,Referral,8.402272183592608,2,1.0
3,0.8411562630123677,0.1162049364582946,Referral,8.00141814012807,3,1.0
3,0.4422292455054428,0.3865551419436774,Paid,4.917496225172536,1,1.0
5,5.672834767733094,0.0499072955712928,Organic,1.1614552158159206,5,1.0
11,2.8750855072237718,0.3423308861589597,Referral,1.073812166124006,2,1.0
7,0.6192686688140001,0.5281057611267155,Referral,0.3418879631244524,1,0.7999291728638829
4,0.585160563444853,0.1213137223728496,Paid,1.5592342612719785,2,1.0
3,6.191545676399855,0.1024993495472728,Direct,1.1604732458097509,2,1.0
8,4.072897557993839,0.3150640503275923,Direct,5.168079937562848,2,1.0
8,3.2311314280910715,0.2100626037915715,Paid,2.5959626888128904,1,1.0
3,1.566995235775559,0.3909156062663104,Social,2.170248239269463,1,1.0
3,0.9113350325882902,0.494703788398346,Paid,3.1206829555284994,2,1.0
6,11.654794419520115,0.2784648130919117,Paid,3.519864491011351,3,1.0
2,4.787190508255374,0.5252811563715021,Organic,2.0144284719955654,4,1.0
7,1.077659781000376,0.4428309521790087,Paid,2.683800534902148,1,1.0
5,5.643047000571059,0.1051226205039511,Direct,5.538817410331922,1,1.0
5,4.268028043371605,0.2424827303379748,Social,6.247581499411092,2,1.0
6,1.0575389217977509,0.0973185836292199,Social,1.1413305623170695,0,0.9374711791343642
1,1.6682685224988238,0.3841995748467242,Organic,2.918301478090645,3,0.962735154389598
10,0.6172131666621097,0.3380427433829219,Organic,9.02713663574228,4,1.0
2,0.3531511132789967,0.242378330155932,Organic,9.169156548892058,2,1.0
5,3.8486371631331178,0.182125074157103,Organic,8.427336656713786,2,1.0
4,0.933924377207235,0.1711627629939095,Paid,4.560344050865341,4,1.0
5,5.145384876577549,0.1530022847906599,Organic,2.7945433678232816,0,1.0
4,16.284397770817776,0.2836844180288076,Paid,0.4083042307103492,2,1.0
5,0.2391426801592959,0.1152187396218051,Paid,1.3888333918159894,1,0.7805975266666291
6,1.9218641510242984,0.1992603268792707,Organic,3.167497505343782,1,1.0
1,4.859412762982256,0.1256340985647837,Organic,5.672978403241965,0,1.0
3,4.666993364299804,0.643345940905428,Social,4.863526557780136,2,1.0
2,4.28131354626783,0.1398226128150173,Organic,1.0779548449324623,4,1.0
5,1.2877135707889624,0.2375315347132163,Organic,2.2856222453496517,2,1.0
4,1.8146027305974264,0.1659281273486859,Social,8.674680381854143,2,1.0
7,2.711370254719584,0.3800226292016706,Direct,2.900913518275145,0,1.0
7,10.94212830295279,0.3211691186728126,Referral,4.910351437002628,3,1.0
2,1.1904703840051498,0.6100167193357181,Organic,2.3952315420596384,1,0.9898097205334998
6,7.6974608307628944,0.3083269643635966,Organic,0.6335612354936426,3,1.0
7,0.9414905959050052,0.2549393409409261,Direct,3.961049126689503,6,1.0
2,13.549957836916008,0.148651125170045,Social,2.800176439852718,4,1.0
7,3.3283859847771597,0.680795586549518,Paid,3.0015409448462744,0,0.9493444529468968
5,1.8681303472749788,0.2731639355439437,Organic,3.579698961687669,1,1.0
7,2.8510198597129595,0.1315872246094115,Organic,1.499107639222952,1,1.0
6,0.9545523746875292,0.6286607942050515,Organic,3.43792007386585,2,1.0
5,0.9613342979757178,0.4588573656075864,Referral,1.550935479408058,3,1.0
6,0.361607047616913,0.3389642337541753,Organic,4.9339539935263135,0,0.8751636270102439
5,0.3632852982230596,0.0853233282770757,Direct,20.021284702121196,5,1.0
4,1.2816221392386788,0.0978009096728387,Organic,1.8951288058964384,0,1.0
7,4.31725657737778,0.3430155652929761,Referral,8.746138671996468,6,1.0
1,2.809259669552969,0.3892643710156325,Organic,3.169156083464636,0,1.0
8,0.3247091420924522,0.3108637051359995,Paid,3.5457834476314027,2,1.0
4,5.736427276013574,0.5527228671460921,Organic,2.892015115286917,4,1.0
5,2.759146973153312,0.2736000464618834,Social,1.85343980425388,3,1.0
3,9.721491939905285,0.1590079868060649,Paid,2.23754830167461,1,1.0
7,3.327674414920913,0.6711778201678625,Organic,10.7554423572601,3,1.0
2,0.5777516133551177,0.1602307567617102,Social,1.4982226823240417,3,0.8384061506480025
5,1.9261268769137327,0.3332258195397585,Paid,6.633625657224974,2,1.0
10,3.136616198688543,0.3615541889687104,Direct,2.4964111243821043,3,1.0
7,0.086015513376933,0.291312499070624,Direct,0.5176054153485553,1,0.8324669016654878
7,0.045067618736137,0.3290304848953652,Direct,3.408635542222352,1,1.0
10,0.4157282893703822,0.2628500652268041,Organic,13.6396207133488,2,1.0
1,0.8697113560694196,0.1189075840344555,Organic,5.900910890463071,0,1.0
5,1.6839846584127491,0.157841286822732,Direct,0.2091273117236033,3,1.0
3,2.0050152778587917,0.1432225687517516,Paid,5.504601130822633,1,1.0
8,0.4455961132849674,0.1740292708464749,Organic,2.699797957578128,4,1.0
7,3.3569799458981446,0.1630024233988521,Social,1.2032786095739565,2,1.0
3,2.7200465888968486,0.7926547823005319,Organic,2.402637130695961,4,1.0
1,1.0463928643346656,0.2532169877307543,Referral,1.2661068756105869,1,1.0
5,0.0412621141609092,0.133916763045289,Social,0.572741948016439,0,0.5288026272314337
3,0.2424847733099056,0.1672434213607208,Social,1.7224247819645155,1,0.5082267595513816
6,1.4912355270611637,0.0505770275101235,Organic,2.050625649994679,3,1.0
3,0.5016168061932867,0.2556974717157588,Paid,1.9983848921649832,2,1.0
4,1.418757736089952,0.281449718907375,Paid,2.353450729729418,3,1.0
5,2.968057252697767,0.6950088505414233,Paid,1.881070384888407,2,1.0
8,2.3771622427607606,0.2317748659246802,Organic,3.28039221398827,0,1.0
7,0.7886791569892964,0.3458584092439203,Paid,8.616289796604448,2,1.0
5,1.2639718021447668,0.1814123948341279,Paid,0.6443024482467679,1,0.9276540174373444
4,2.8559962133409798,0.3870961806567247,Paid,4.357585117604365,1,1.0
6,5.916716776932096,0.4412483191773937,Social,4.323490699123865,2,1.0
8,4.197694321121431,0.0600680903820185,Paid,1.2959749286438935,2,1.0
4,2.418275998979576,0.007868090852084,Organic,7.360139156641023,0,1.0
3,1.3496290383984006,0.478026951617414,Referral,0.6737269460457774,3,1.0
2,1.3626331061532173,0.356761141881269,Social,5.528478251981256,1,1.0
3,6.346258618565298,0.0828116952165478,Organic,3.578504027202264,2,1.0
9,0.1201030894765719,0.413105125304971,Referral,1.2352518849683551,2,1.0
5,13.2642101272938,0.0792001701618222,Organic,8.725271739016227,2,1.0
4,3.2752861135754707,0.3171507761772657,Organic,0.627118184646287,1,1.0
7,3.428987783768388,0.2107301296171495,Direct,7.593991677779683,2,1.0
8,0.1162157405849668,0.4978670834241888,Direct,1.9020361462143696,4,1.0
4,2.7906310470964977,0.4141401718994155,Paid,2.7076557572958677,2,1.0
4,1.9894725596116456,0.163581829753037,Referral,1.1740126599679372,5,1.0
8,0.3354066799781401,0.4241024626419138,Social,2.0421306198909805,3,1.0
5,0.9768663827936476,0.4205382086412505,Direct,6.108036618171878,2,1.0
5,6.630413099722312,0.4501294149905204,Paid,4.202479922222964,2,1.0
6,2.395445862087,0.47604704784596,Paid,10.212445965826412,2,1.0
7,1.6003211375588928,0.3518386634201246,Paid,1.372679456414687,5,1.0
2,0.2263766946779754,0.0404959721578592,Organic,2.4132965049727115,2,1.0
1,3.756565438361616,0.5684506782564406,Paid,4.4364315220947885,0,1.0
7,3.640562964453111,0.3262153123769725,Social,4.452984315118637,7,1.0
5,2.8560926619917124,0.2330848381636334,Social,2.5830044179238016,4,1.0
4,2.141658132836479,0.1690279321959008,Social,1.0455124060644612,1,0.9049883868380946
4,1.7063410754418775,0.5584382072557583,Organic,7.8120386673524544,5,1.0
3,2.698825174813135,0.3423243578315025,Paid,1.3753270295435924,0,1.0
8,0.7973525790276021,0.7897954524203986,Organic,1.9587796024920832,3,0.9584077962455358
7,8.503855265207113,0.1155741082480263,Organic,2.5981605733954,0,1.0
1,2.6659867812206945,0.0186124422585096,Direct,4.128671031215687,4,1.0
2,1.1183800699221211,0.3025193210081061,Paid,1.2392937576940082,2,1.0
4,1.7917652424125063,0.3734644158357922,Social,2.5266281006513283,4,0.9524661376797516
6,4.914820916621904,0.476520170802151,Organic,5.837243410093609,0,1.0
4,0.5288373660127729,0.2306098125686888,Paid,9.159373150232025,1,1.0
6,1.039476420159915,0.227726906073212,Referral,1.6918660958390186,1,0.9777055185520296
8,3.413694104622141,0.2694819932233236,Organic,0.5945064071281135,1,0.9803973780151924
7,1.1371525977235957,0.1683165768147924,Organic,4.346906969897895,2,1.0
5,4.7178961341020855,0.3942218201727996,Organic,0.7730914996292921,4,1.0
2,0.4193503585814174,0.2399353318578692,Referral,3.940186225597631,4,1.0
1,4.315115515490753,0.567646641391592,Direct,2.7771651880204224,0,0.9516115942886568
7,0.2123997359101888,0.1178688310749891,Social,2.617454852588546,2,1.0
4,0.0380177147540636,0.1884143223003916,Direct,1.3062444718778896,3,1.0
1,6.854928694028068,0.2423930738548468,Social,10.415478713359365,1,1.0
6,2.612082821709275,0.1977054117297867,Social,2.29736273327666,0,1.0
5,1.3007924525356167,0.3991071996283847,Paid,5.4183352986655855,0,1.0
8,0.7942203378416719,0.2230009000415244,Paid,3.4732597505860707,0,1.0
5,2.878266354689556,0.1595669171111713,Paid,4.891406795724057,2,1.0
4,2.133946794957514,0.3237829434214287,Social,8.436773910455928,1,1.0
10,14.337776370996067,0.3094841830442646,Organic,1.3123699314888435,1,1.0
7,12.261985296453917,0.3659978668561264,Organic,1.6131046554456905,1,1.0
4,3.0237756964867666,0.4323097180632175,Direct,2.0966722416344936,1,0.8220336027959583
8,1.7548727445768897,0.6499020408633883,Organic,8.334458771398063,4,1.0
5,2.0267527617104864,0.0841607267589561,Direct,5.725969782734843,1,1.0
5,3.441634589131911,0.3980451286011596,Referral,2.8547589558852726,1,1.0
5,0.3213346242116008,0.0920978696449662,Organic,2.512742805657928,1,1.0
2,1.1940629853416391,0.0972013033547812,Referral,2.1785131183144717,1,0.9613116643201765
3,0.2347676981617313,0.1380818617379149,Social,4.313047965562814,3,1.0
4,0.2285728740136331,0.026546465263405,Organic,8.050592304664873,2,1.0
9,0.653868245692027,0.2053597983098856,Social,4.563618803865816,2,1.0
0,1.992240767285944,0.3578891239130183,Social,3.3002278479839298,3,1.0
5,4.608204397084502,0.0915690807016938,Organic,5.059560528500014,2,1.0
5,1.9936552130032767,0.5104783476273279,Organic,1.8901736859749996,1,1.0
5,1.226055608682887,0.1220641527575968,Organic,9.069597697291144,3,1.0
5,0.2578274501185031,0.0233225172478192,Organic,9.055312571814758,0,1.0
4,2.397493890409041,0.0847151448424812,Organic,3.1454911050839227,4,1.0
9,0.9493501387524472,0.0918830498435731,Referral,1.7468187728501294,3,1.0
6,2.863022978575449,0.4571642385226133,Organic,1.746603374858811,3,1.0
2,11.341371390634006,0.3903013420719892,Social,2.4584198048607826,1,1.0
6,0.3540350203627704,0.2328119383234242,Organic,4.064775167197726,2,1.0
6,0.7152490116647354,0.3298771483876854,Paid,0.505146668064754,4,1.0
6,1.9222024071474388,0.4710192939803471,Referral,2.766064941586296,3,1.0
5,10.38416238617068,0.3143351721736627,Social,5.946264438046479,1,1.0
2,4.432727049808145,0.2859854496154639,Paid,2.338076626417194,0,1.0
5,6.85509595729328,0.4603882163410085,Organic,1.5660160302604174,1,1.0
3,1.218112633897147,0.1332415153910693,Social,3.832732638162167,0,1.0
3,14.499403683442331,0.0727433588742951,Organic,2.818959229177588,5,1.0
3,0.3255391592723407,0.2774105507166076,Organic,5.038873368344376,2,1.0
6,0.1632827277166131,0.2531457247444864,Paid,1.0692235398906549,2,0.7642583997937071
6,5.8055587367515065,0.1226547772633516,Social,3.923794410259726,2,1.0
4,7.862792385881892,0.4231294070822874,Organic,8.053915465849688,0,1.0
5,0.2848624094879357,0.1909410187474101,Paid,4.039796443679012,1,0.908741341710585
5,0.3611768756871473,0.1682224883725448,Paid,1.7155526356151485,0,0.7984590215370212
7,0.1012107025223856,0.3393338997816287,Direct,0.2573396805434981,2,0.9871748479133016
5,0.3311445080376064,0.1830555255406189,Organic,1.4280343275595828,5,1.0
3,0.7049645818617328,0.0367515945571755,Organic,2.568988402461288,1,1.0
4,10.52734538374645,0.3101236408603713,Paid,0.6405326106217203,1,1.0
7,3.306598143954675,0.1621005788360801,Organic,3.0438957881737942,3,1.0
5,4.522716333048679,0.285004849875913,Referral,2.530810378784813,1,1.0
7,4.49019527630489,0.2022527709202408,Referral,1.1150489202186695,1,1.0
8,2.2976294629472607,0.2316862286750964,Social,4.678400742483303,1,1.0
7,4.790882888610091,0.1689284474640936,Social,5.452857023652823,2,1.0
5,2.717592328471457,0.3959023583160074,Direct,9.591394006408995,3,1.0
8,1.133022086781241,0.0451967673148841,Paid,2.636885612239579,2,1.0
4,2.470520143820889,0.1146951749061965,Direct,0.9987828253714808,2,1.0
6,2.287546992891484,0.1789982336708916,Organic,1.1950857686085898,3,1.0
8,5.202505360829703,0.294336279134576,Referral,7.352477027751577,2,1.0
6,12.007027844584762,0.135369820241413,Paid,3.4612228227838804,2,1.0
3,1.5882040956302657,0.2742866057166289,Social,2.8200985438957917,4,1.0
8,4.324034790745252,0.239181100334326,Paid,6.479232666397556,1,1.0
4,0.31529166442879,0.437149309468624,Social,1.8193720529076576,3,1.0
7,4.4994828074261655,0.3895054876639024,Direct,8.413692091491745,4,1.0
2,1.3928611776043625,0.4378737950188581,Referral,2.046124359713936,2,0.5970299989585351
10,0.1205608476429188,0.1053320829502978,Social,6.033490865264901,3,1.0
6,1.3541164910032564,0.1238744785545814,Organic,3.343995627802558,2,1.0
4,2.8297739361641376,0.3327155099114803,Organic,3.644371364626043,2,1.0
5,0.3809449564370082,0.0756701280870172,Direct,2.617799748495261,3,1.0
6,7.73242766844715,0.1299646681635165,Referral,8.339263499883572,3,1.0
4,0.2425644551753139,0.1819848038923347,Paid,1.5861142681922045,4,1.0
5,7.978068117472511,0.1605017394723543,Organic,6.762421623744959,2,1.0
6,3.684156373896203,0.4655185845686506,Organic,1.3203828104529791,1,1.0
3,1.2001442097300272,0.3130536717065901,Organic,0.4874033291173127,3,1.0
7,1.486581471580776,0.1177197561595477,Paid,4.575833141950898,1,1.0
7,4.0505743335805615,0.6028718362754756,Organic,2.986751160793556,1,1.0
8,2.7599257909058035,0.3131514333338351,Organic,3.2248411019415157,1,1.0
4,3.3409608259540917,0.0999755185269968,Paid,0.823106748207624,3,1.0
7,1.4787833327200446,0.1273974769321576,Paid,2.988936200368541,2,1.0
3,2.007199280810417,0.4761432006069411,Organic,1.905431033921105,1,1.0
4,13.77601687237683,0.3063825323900846,Paid,11.029585909501048,0,1.0
4,0.7221010866961798,0.2560002050130479,Direct,5.069309677208232,0,1.0
0,1.6231132787393037,0.1707050036644442,Paid,3.401470318260149,2,0.9961858611890738
1,1.0351844442060296,0.4343595432051484,Social,6.1680150503490445,1,0.9801899118138098
1,4.345933169893995,0.0453771826578182,Direct,2.4527599664186748,2,0.9983690677983392
7,4.331930921913569,0.0965525400283701,Organic,3.526393150122966,2,1.0
5,1.0378216965189395,0.1456748598529645,Organic,2.386727731353479,1,1.0
5,0.2546818971172525,0.1029448396414821,Paid,1.9803684206045544,5,1.0
8,0.0344955964123625,0.3241181361409992,Paid,4.024737292298453,0,1.0
3,1.672968427409413,0.4600782826569528,Paid,6.141878722408714,4,1.0
5,1.5846152989114612,0.6031652644817828,Organic,3.1345557494421143,3,1.0
3,13.367634090772366,0.0985015280358337,Referral,1.5418555977769666,3,1.0
5,1.9035147002047743,0.3093966482040614,Organic,2.687957087001047,0,1.0
1,0.8888301810330599,0.2489124285740233,Direct,1.9343962563521704,5,1.0
7,6.655543736682467,0.3086545534403646,Organic,2.4096010364359475,2,1.0
2,2.026322303146503,0.4059083928959742,Direct,2.04641388300386,0,0.7753365828896167
4,2.7426958219991198,0.2077765614826868,Organic,5.136301194274476,1,1.0
6,0.3016785448761561,0.5662792562154779,Organic,12.801470146617769,4,1.0
7,1.4482523454179257,0.4707754406778974,Organic,2.3323910421737364,2,1.0
9,8.659217320044633,0.2840508663778334,Direct,3.384335095103189,5,1.0
4,2.6711773989466887,0.3399508101650585,Organic,2.0624809639885,5,1.0
1,1.2670794177016775,0.081871013906894,Referral,1.7507786605860711,2,1.0
4,2.9478299577803915,0.082488904060989,Social,2.067491131756213,2,1.0
6,7.237571202821995,0.0922152136569237,Referral,0.3140387410279162,2,1.0
3,0.960576951701103,0.2937784909590267,Organic,5.072772622334661,3,1.0
4,2.110300017323052,0.3757287494467117,Direct,0.934272680448544,2,1.0
2,9.559999521241156,0.0672997252262737,Social,4.440053675378256,0,1.0
6,0.5676620190547181,0.2250336777755829,Paid,3.207502056292999,1,1.0
8,3.8152983894896986,0.0855751778280232,Paid,2.916137219951269,2,1.0
7,2.8594944654910126,0.2740697457973324,Direct,5.223592210881916,2,1.0
2,3.415258748955808,0.2089259010041411,Direct,4.223186086705083,1,1.0
6,1.2979831005737377,0.3182436948974586,Paid,4.998269233910891,5,1.0
9,1.1301054789350649,0.3345742133853315,Social,4.90940758478211,0,1.0
3,3.4580304004156903,0.3719052772827457,Organic,4.8804861147238165,2,1.0
8,0.7282916512062156,0.1988793923398313,Organic,3.700110175051744,1,1.0
7,1.6323962551758262,0.4308168270134457,Organic,8.95568160786013,2,1.0
6,0.625410129899181,0.106303735777222,Organic,3.632154921831996,1,1.0
10,0.0250185553287675,0.2128064180914393,Referral,11.82438277958215,3,1.0
5,10.52541518639,0.2041292479025737,Paid,1.8003871401615588,3,1.0
5,1.6953332161136847,0.2494128338636114,Organic,1.196587250958805,0,1.0
5,10.455330109726397,0.161992306838915,Paid,5.251469915797005,1,1.0
5,0.4535974388602357,0.7844827138973924,Organic,0.3271985606525617,1,0.468486126650549
4,2.655588499369366,0.2160798320778391,Direct,5.60620716037553,2,1.0
10,0.6730855023254076,0.0806638103524436,Social,0.7367129683311955,7,1.0
3,4.683002388354396,0.1540998715062294,Organic,2.961305553152313,2,1.0
2,4.593308291351262,0.1479407692329754,Direct,5.585758823056167,3,1.0
6,0.3584024886992348,0.2419047392582499,Organic,0.8281453158659307,3,0.7192860007068702
4,7.293453455711033,0.2045832968086059,Referral,2.714623465099136,1,1.0
4,0.649359125325723,0.1525128956384585,Direct,5.925250856293372,0,1.0
8,2.8478161164047133,0.5647126596124842,Organic,0.3658106051060644,1,0.9827260673338892
5,12.728593591322165,0.1571369825326466,Referral,3.745821534697466,1,1.0
4,6.421310333037948,0.3259950246349965,Organic,2.062483745738223,1,1.0
7,9.409395131811246,0.295559121509601,Organic,7.440879057941127,1,1.0
4,1.2583822457991076,0.3201326288744315,Paid,2.353237919526555,5,1.0
2,0.3347248298930563,0.2221334571924738,Direct,12.964316428643093,5,1.0
2,0.6260466418304328,0.2295112723268575,Paid,3.3773215048570235,2,1.0
3,2.0824123826367424,0.4690825474106663,Direct,3.0698374492267906,3,1.0
3,4.728439975819984,0.1787084118296507,Direct,1.9256246943869584,3,1.0
8,0.4880991110994871,0.2854697414140995,Organic,2.431642732944541,2,1.0
6,3.234061085858742,0.2862312219219106,Paid,5.340246996221739,0,1.0
0,1.1728126559364471,0.3477844405127324,Referral,2.599769343630445,2,0.9328302690872944
8,1.2520152791735375,0.5478379849543062,Paid,1.856067682019096,2,1.0
5,3.253398033650785,0.1189521182653231,Organic,0.9147318783517078,2,1.0
4,1.8876982972830405,0.3169728939045603,Direct,2.2264690835975665,2,1.0
5,5.014471267195112,0.2855954604616594,Social,5.131792938932833,3,1.0
7,0.5085187095446406,0.5395357244577708,Paid,1.8291285780657047,2,1.0
6,4.681204332472024,0.3379518217623306,Referral,16.322901464160363,3,1.0
3,0.1991735024662685,0.2784461492488703,Organic,8.343286106908232,1,1.0
4,0.6472151629498659,0.414254367753793,Paid,0.3588379722667402,2,0.926050249092337
2,3.2026467987657923,0.203828620888472,Direct,2.5322685910992777,5,1.0
4,5.791526862712742,0.3049213323119791,Social,2.143944168154482,0,1.0
1,0.8737839217893425,0.2199334956546206,Organic,0.5560331412113799,1,0.8019253047390762
9,1.188884081784453,0.495141085843284,Paid,2.21091853938258,3,1.0
3,2.3108671630340094,0.1048068731710914,Referral,2.199760346490067,1,1.0
1,0.7131456368271204,0.3613120175537935,Organic,5.51753641184037,2,0.8200189946240706
5,5.000506160341764,0.5059230232375183,Organic,6.461177333457652,3,1.0
4,4.456841415959591,0.2580807113119288,Paid,5.62657812632633,1,1.0
6,0.4709851555423437,0.3816994747458248,Referral,8.16684513504776,2,1.0
5,1.8699105115044528,0.0476196670783791,Organic,3.335884108685412,5,1.0
8,4.472669064222788,0.4147729478562761,Organic,3.3284517195041614,3,1.0
5,1.2344323280360443,0.4588638659430413,Organic,5.268935816217636,1,1.0
7,3.0080536301167387,0.246035079264893,Organic,2.229985485336499,3,1.0
4,0.1545529737946816,0.2619068257737723,Paid,3.861278059771098,4,1.0
1,2.8147560803021627,0.2878949379677275,Organic,3.721134081583252,3,1.0
5,0.4969348901888887,0.1501311390303111,Organic,4.296920724399222,2,1.0
4,5.326182199886885,0.1433344568279515,Social,6.733017066511657,4,1.0
3,1.3176061435636948,0.4523232369352177,Organic,1.634691010695549,3,0.8686930891337904
2,0.9919936253880048,0.2097294801128673,Paid,1.6818047848273363,0,0.8600901293631172
12,5.514459182266725,0.2795162038286322,Direct,12.083495274612062,2,1.0
5,0.1543347273419002,0.0202092252132197,Referral,1.635528334922188,1,1.0
10,1.5155686058525966,0.2020205093701792,Referral,2.32471347104781,3,1.0
6,1.386123238718154,0.0432573530151278,Paid,4.610230193561064,1,1.0
1,1.0055807352076287,0.1997875642168453,Organic,0.4319418185812458,1,0.5118619124438208
6,7.282892016627036,0.2030255384627457,Referral,2.0630631872177685,1,1.0
2,4.17004454286446,0.2839999883276237,Referral,1.1641718333373097,0,0.9729784119839592
4,0.1981731490055395,0.1627385033704271,Organic,0.8875926436248268,0,0.7130979676941188
5,3.762510092897937,0.5560661362585096,Paid,6.638986577006305,2,1.0
8,2.2478775219384444,0.1474134250558769,Direct,5.649883601892057,3,1.0
4,6.933905755151785,0.1301053644429231,Organic,1.4062526233431154,1,1.0
2,1.1260254908501035,0.4661921048813842,Paid,6.854873677809125,3,1.0
1,2.561088857434516,0.2835080882004394,Paid,7.175534730789437,3,1.0
8,2.083976616215979,0.7427343676647191,Social,8.168886875883022,1,1.0
8,2.01745186650932,0.1713545747406588,Social,7.289645091970599,3,1.0
4,1.826999400031505,0.1560354154544281,Social,3.9317844808561193,1,1.0
1,0.6906158132517364,0.0483280372632929,Organic,2.280971104282326,2,0.9998104722288236
9,4.228196752674004,0.2239367671304641,Organic,5.614024144372839,3,1.0
4,1.8008073190898544,0.2725932921829488,Organic,2.4415588985258982,1,1.0
2,9.547362292203726,0.0581616539944044,Referral,4.070258709642832,6,1.0
4,0.9065944774283284,0.3097016794624646,Referral,2.1991246766445967,5,1.0
3,3.4441372636106884,0.1815691993797054,Direct,3.0667325165421184,2,1.0
8,8.476302106080093,0.2118023972984949,Paid,1.1218538335607893,1,1.0
9,3.267099849693404,0.2468698250968819,Referral,5.358929093955682,1,1.0
4,6.150182035531229,0.2768032840539835,Paid,4.25595591167178,1,1.0
4,5.271743011145087,0.1137556889177729,Organic,0.7922270466769912,0,1.0
5,1.3394131499918038,0.1930199682499604,Paid,2.456323634864829,2,1.0
11,2.749801889208837,0.2820869467769443,Paid,6.102849997976066,1,1.0
8,0.5097374299864006,0.3782957271670144,Direct,1.410717462086181,1,0.9002918060377241
6,2.300548331722337,0.2989155713999021,Organic,1.4511579982676948,3,0.9899460035355084
2,0.7857387890789805,0.2281477022743608,Direct,2.682372421623136,1,1.0
8,4.084650888027324,0.1316224178036897,Paid,1.841087133474648,4,1.0
7,2.2527002287576274,0.5842600215963816,Organic,9.13028532789846,2,1.0
6,1.589145553524472,0.6709302615292949,Organic,1.834258587268012,1,1.0
5,0.9391928625744989,0.1193121587417355,Organic,2.0654248898696914,0,0.8513759852955756
3,19.932671644454164,0.2504335785475571,Paid,0.1883091063595018,2,1.0
5,0.2232349684113499,0.668761499542735,Organic,2.605130186347594,0,0.9253040675326244
3,0.133613797008978,0.1885022096221665,Paid,5.557134103755436,2,1.0
3,0.7348541198995853,0.3527275866457332,Direct,5.21866899447552,1,1.0
7,10.62888344703717,0.335824663025377,Referral,5.404504098887586,0,1.0
4,11.623916980085916,0.3189075701299525,Social,4.93517043826098,1,1.0
4,3.192004258370389,0.571462120666653,Organic,10.283723826334375,1,1.0
6,6.363458474660382,0.2764307475143691,Paid,3.99512568618681,2,1.0
6,0.7222493977213835,0.2339367907638836,Organic,2.026807168101892,2,1.0
3,10.731165790327411,0.2927840596995822,Social,2.152462892897565,0,1.0
4,0.4621990256398852,0.2339065019873119,Organic,2.5192943555469047,1,1.0
6,0.3198345207357684,0.4014360576913124,Paid,1.6784727296903073,4,1.0
6,0.3570653527256491,0.0968991597781652,Paid,4.289220611787676,1,1.0
6,2.5538126902704508,0.1713651506078364,Paid,5.799863509264837,0,1.0
6,4.555699992895642,0.2520823711972731,Social,2.2618347867320323,2,1.0
3,1.370277628999542,0.3612378623906861,Organic,7.039498417755588,3,1.0
5,11.435988416391684,0.1880242808593828,Organic,1.0911494516953455,5,1.0
2,1.7097113097313883,0.3823096672934226,Social,0.428272649239218,3,1.0
5,0.4891403267280808,0.2171611027519536,Paid,2.1942525874331005,2,1.0
3,1.881891517938734,0.6925246874236849,Paid,0.4945827690986952,4,1.0
3,3.409289828062108,0.3149832021188996,Organic,1.5270545250011271,0,0.7304071092819394
5,5.355408405115589,0.5915975371249916,Social,3.645431127751162,0,1.0
11,1.8417233769120311,0.3488735400555991,Direct,0.708657769341896,0,1.0
7,2.7013025377192537,0.1142665936244434,Referral,3.41478212590535,1,1.0
7,0.9332398905190636,0.1059476153861709,Social,1.882114875991712,0,1.0
4,3.1146677775921257,0.2407469834451064,Paid,4.90528805434571,4,1.0
1,12.800087853469265,0.4449601962415107,Organic,0.8538104515025091,2,1.0
4,0.1508926527701776,0.1790937755682807,Organic,1.8821197343453988,4,1.0
5,6.528668115167047,0.0652537891513555,Referral,1.643101105474955,4,1.0
4,2.478544680553552,0.6054696532348073,Paid,3.656915549755851,0,1.0
4,0.8714526225525071,0.0976461442281868,Social,2.046011281918421,1,0.8324390450293286
7,9.29593469717386,0.2586434995268425,Referral,4.819333440830914,1,1.0
6,1.9811938353786664,0.2460130428997333,Direct,3.733268038881221,3,1.0
8,1.20901055345736,0.0492253812461713,Paid,3.096045273457712,1,1.0
4,0.6008369535657833,0.3646355484271209,Paid,2.567608101336269,3,1.0
3,0.8409367304635696,0.1613484919993124,Organic,9.548385899210404,2,1.0
0,5.366573796927632,0.0987474747508386,Paid,3.387571946905956,2,1.0
4,2.858942023066165,0.6778840304774143,Social,4.182923860959159,1,0.9376836414060136
1,7.334023096854362,0.4741981953561811,Organic,4.123284818639506,0,1.0
4,0.7917734062757695,0.2456533766590818,Direct,2.0634054030636304,1,0.7103410784372506
3,0.387384129464579,0.6226141161062048,Direct,0.4212503607009368,1,0.7143839706763839
5,0.0183184066037792,0.0911719121946397,Paid,9.033040065123693,1,1.0
6,2.126988571344412,0.2144379099068057,Organic,2.2998286375864265,7,1.0
6,19.14363616674827,0.2966931452587947,Organic,4.029733719517904,2,1.0
4,3.561988908395875,0.4255518257439662,Organic,9.397374058711495,3,1.0
4,1.1062191168129187,0.3182140305446056,Organic,2.125564078972852,4,0.9119394275092132
5,6.283265557650805,0.2082926616312743,Paid,2.702707577204844,2,1.0
1,4.565961053473921,0.0666250575092864,Organic,7.329865600830677,1,1.0
9,0.0466056451914906,0.2677183101965148,Referral,1.9500596128480725,0,1.0
7,5.092521045617595,0.1379065758315013,Organic,1.1852224842865209,2,1.0
5,1.0722832126724082,0.0973960609312703,Organic,0.6628541922626268,2,1.0
4,0.4864045318639831,0.2985284239173358,Paid,15.277744182600282,2,1.0
5,0.7698328148770361,0.2614264534575827,Direct,8.675913615553357,6,1.0
4,1.89660672544627,0.1754444920616157,Referral,0.2189271916390193,1,1.0
1,1.6594667175130051,0.5603909610116199,Paid,5.42036866017228,4,1.0
3,1.0227730551542933,0.315658744979966,Social,9.181610397588848,2,1.0
7,0.5670175005843128,0.0853661356202193,Referral,3.098959491072863,0,1.0
6,4.309364340470951,0.2116302088178915,Social,2.375374489354171,4,1.0
10,13.848627799622406,0.5901712743731661,Organic,2.5160020909499887,2,1.0
4,4.512418531781712,0.4428854225811574,Social,8.286734015263805,2,1.0
5,1.052662176823812,0.7290190637993533,Organic,1.5695427843802006,3,0.807464481938521
6,0.8423535914937317,0.3050694681212426,Direct,1.5979717733482457,1,1.0
6,0.7364200836963657,0.3239916578141213,Organic,1.579078849879679,0,0.9064559506368378
8,0.4409619549347823,0.2000359885642038,Direct,0.1266786251737865,0,0.7416358836825964
4,2.404406559638673,0.3816022206636502,Direct,2.454699278382888,4,1.0
3,2.789650884007928,0.1381603172640159,Organic,7.519666599475824,3,1.0
3,3.6674559313233335,0.0622177295668734,Direct,4.517620226187543,1,1.0
9,3.4203038692665224,0.3848006424560447,Organic,4.9731416435114655,0,1.0
7,1.037346224364969,0.5297099546730135,Organic,4.086094249348685,0,1.0
2,1.202825584574425,0.1286793617121012,Paid,2.7626756014118965,1,1.0
2,3.4325353265787646,0.1689423735077224,Direct,2.868581360105797,0,1.0
4,1.2898004806324557,0.3153849818260031,Paid,4.169699528625482,2,1.0
6,0.7171450553448443,0.6085978594537127,Paid,2.168847911156906,1,1.0
9,1.4068261165411695,0.0356456637678622,Referral,1.4673986877725482,3,1.0
11,0.9527095156092606,0.0875565378383218,Direct,2.3481537757221056,3,1.0
4,0.2773747313493255,0.3633124823886542,Social,1.0070768249015714,0,0.8524364954736199
7,5.318322744398779,0.326318155170276,Organic,1.6770291656278136,3,1.0
7,5.754242186424476,0.0270534114157759,Organic,6.638585688344944,2,1.0
3,0.744423847612055,0.3374209882232638,Organic,2.718704156046168,2,1.0
7,0.2008954274899525,0.2242165482639808,Referral,4.06143472853417,2,1.0
5,4.027721791665359,0.139117050170579,Organic,4.541280780616437,5,1.0
2,0.7129775323206926,0.0883198117422348,Organic,3.3155983868544743,4,1.0
9,1.4998325728202804,0.1966321472929779,Social,5.935198756536383,2,1.0
6,0.1988529395979812,0.3118584523735584,Organic,1.9384007272537276,5,1.0
3,0.7695953003540608,0.2876526644100095,Paid,4.189476220984078,1,1.0
6,4.723693535249781,0.4394393456785082,Organic,1.3150525171759306,1,1.0
3,4.894996069473592,0.1555360239276425,Organic,0.2298597535260683,2,1.0
2,0.696117090420564,0.2793581155568478,Organic,1.8465073703716204,2,1.0
8,1.2280301597320016,0.594753889789904,Paid,2.860158279596624,0,0.8575224982148784
4,0.4324371571693925,0.0777197537654494,Social,1.3983576176714627,2,0.3436645887208477
5,0.2312024625271759,0.2592730958012745,Organic,9.031336936623749,1,1.0
4,14.550035255648528,0.2393978285026633,Organic,2.962171481198524,2,1.0
3,3.197801830243491,0.245629466751185,Social,5.103537225584193,0,1.0
4,2.3432905075376818,0.149166535042693,Social,7.753619465154563,3,1.0
3,4.35087988876836,0.228274051183957,Social,3.3552759972636825,3,1.0
11,5.499191484346722,0.5400853840631544,Direct,1.9436767160311132,2,1.0
6,4.93076488589113,0.4069598520242714,Social,1.177187518886825,0,1.0
5,0.0500332592427265,0.5904955134372997,Paid,0.6826619869544746,1,0.8676162191219863
5,0.6203637292718378,0.4428815420043864,Social,5.447255671204466,3,1.0
5,3.191809239001061,0.2452956032122946,Paid,5.882262925825138,1,1.0
3,1.4136579731701806,0.2642058384641418,Organic,7.975180224437925,4,1.0
6,12.133690563589752,0.5442898020526039,Organic,7.0440213198107005,1,1.0
4,3.2845014420525382,0.1340960959365186,Organic,9.701280769698345,1,1.0
5,9.408357936098298,0.2012107282439632,Organic,5.913383230339378,2,1.0
3,0.6748598698830647,0.3253536887747457,Organic,3.785419929918918,2,1.0
7,5.984353420234602,0.2165087424575855,Organic,2.255782293121435,2,1.0
3,1.1629594376820385,0.2823162474382105,Social,3.0343585567347726,3,0.8978965380511807
6,13.68771408538348,0.1865551154000014,Direct,3.320067856128639,3,1.0
7,0.5148167548444545,0.2348386120232133,Paid,8.782333223982176,2,1.0
1,2.1791181716836228,0.095631588498239,Social,7.198770264251627,2,1.0
6,4.722857170032801,0.2168569879349193,Organic,1.6207156784526642,1,1.0
4,1.7002968848786597,0.2765028001181422,Direct,4.216836408559773,1,1.0
2,1.893809429989704,0.2186002910215268,Paid,5.191202248444406,1,1.0
2,12.883321280056784,0.1368309567216419,Organic,4.800778579200129,0,1.0
5,1.6617638862150348,0.2439664512619045,Organic,2.4324191236281307,2,1.0
5,2.7795694695740187,0.1557763936790235,Organic,3.195103579537144,3,1.0
3,0.168250015613305,0.117039081001846,Organic,6.408842254695235,3,1.0
5,5.539472256810594,0.3753541366560025,Organic,2.556478473615184,4,1.0
11,3.1338048877652263,0.0791367361157516,Organic,1.3894619294308612,4,1.0
2,1.5526450263637124,0.2049433720840506,Organic,5.118529117110144,1,1.0
6,0.0489050804292396,0.2880399236498382,Organic,3.020125557458545,6,1.0
5,2.6870301588245957,0.3453302338960554,Direct,6.903995902798825,3,1.0
3,0.0382158638805659,0.6832384179497308,Organic,3.4126659349405104,1,0.7055226551298541
4,0.0036130165019513,0.3439292083464597,Organic,0.1029082691759234,2,0.6506996335718584
10,2.872108294812953,0.0772371509194351,Referral,4.04441424077956,4,1.0
1,0.6285248096709966,0.3694480893719383,Social,4.3936434373139805,2,1.0
8,0.639162177010426,0.4521965432256651,Organic,7.167126058193378,2,1.0
3,3.1776402477111727,0.2692673529484156,Social,1.746011433545045,1,1.0
5,0.1655779915044075,0.2257580255503191,Organic,2.236010886138469,0,0.8335702796857646
4,1.128034494037654,0.2779884294795139,Organic,1.7971743787890324,1,1.0
11,0.4855524069698934,0.3556309879235232,Organic,6.830538606624863,1,1.0
3,2.603761751958596,0.4174029017923686,Referral,1.2287548131891108,5,1.0
4,3.2520444488038933,0.261752995237245,Organic,5.24566006801082,1,1.0
3,3.831091638637286,0.390195531658329,Referral,1.6527637056315412,2,1.0
3,0.8840444011608877,0.0696177836821508,Organic,3.2206126405504945,1,0.9191220546919278
8,0.2804597111742742,0.17383438681653,Referral,0.7430513737262472,4,1.0
1,0.2458554716914684,0.1860701101798191,Organic,4.989702829920985,2,1.0
5,1.666169817640769,0.0916689580156804,Paid,2.892379177669239,1,1.0
7,8.747682185376865,0.2819320580079922,Paid,5.634663642950316,1,1.0
3,0.7366622848046337,0.3333141108992758,Referral,4.91024155887482,1,1.0
7,0.8901345517719352,0.5198424886831704,Organic,2.3267342270143883,4,1.0
5,0.3190456845294206,0.2655245199479473,Social,1.7106093494117591,3,1.0
7,2.7909428659271134,0.3705530018402642,Referral,3.431751959792821,0,1.0
5,3.417111279491066,0.3640367960205916,Organic,2.082350950109772,0,1.0
7,3.0894804646142493,0.2228559989076974,Direct,10.71673502571524,0,1.0
5,5.92265635629848,0.3156678806224363,Referral,3.348669272751401,1,1.0
4,1.999082489140817,0.1349333470528611,Paid,7.49937805590237,1,1.0
5,0.4331948113061926,0.4832251209799644,Organic,4.096955476406814,3,1.0
11,1.0249584469917183,0.5272330828810553,Paid,2.849958506212204,3,1.0
7,3.2579469120986126,0.3418123428694055,Organic,1.6154572936524143,2,1.0
6,2.848937439774096,0.3571396908813588,Paid,4.35157340532421,4,1.0
3,2.2714775513521697,0.1203473058188119,Paid,1.3817555645943769,1,1.0
0,3.446223802558387,0.4416641207214477,Referral,3.6993651458585584,2,1.0
10,3.043289242773477,0.2206477802013589,Organic,4.443160262733929,0,1.0
5,6.3940970494064135,0.3816198897809455,Social,2.756716975366349,1,1.0
5,2.6457865951968778,0.2304454190745533,Organic,5.639556969886389,1,1.0
3,4.52337118675594,0.2861900588251376,Paid,2.160461191672482,2,1.0
4,0.8578792932941699,0.2670195288088587,Social,6.1964736226295205,2,1.0
2,3.4013127814409323,0.1146331198948123,Referral,7.454386411923568,3,1.0
2,6.9743116935396365,0.568850569677509,Organic,4.258929191120856,2,1.0
7,1.461973493360584,0.2697323004990163,Organic,5.5605232141344505,1,1.0
3,4.530192373640143,0.4083479036832517,Organic,4.846905857973225,2,1.0
1,3.870654891625632,0.3242820099808756,Paid,4.233456594303714,2,1.0
3,0.1841144544765073,0.0921936800478581,Organic,4.225225030189277,2,1.0
7,2.6132947349468547,0.0638982734274325,Referral,1.2281586148949573,2,1.0
5,0.418439201342019,0.0373369035429517,Paid,6.582763687438805,1,1.0
5,10.262900039309546,0.1555971943377716,Organic,3.173374520837555,0,1.0
4,5.004500071786718,0.1968875133823541,Organic,3.451759403480348,0,1.0
5,0.3486705861681433,0.2015935228040229,Organic,3.0407844951682623,2,1.0
5,0.389478787248825,0.4247626822087775,Organic,1.6757687363673446,3,1.0
3,2.707709794002205,0.2073449463506079,Paid,2.7656822614507868,2,1.0
3,1.268852573771844,0.0331324301402708,Paid,7.756455818462473,2,1.0
6,0.1065888811101379,0.1859838275408097,Social,1.8286699412162477,5,1.0
6,2.340311001166423,0.037686626876772,Organic,0.2255832151814558,2,1.0
4,1.472309770221044,0.4129601366253074,Direct,0.6701252718954297,2,0.5628783571671458
9,0.3196720025843135,0.6754313090337782,Organic,2.458751805759717,2,1.0
6,4.857258809335712,0.2935369658814276,Organic,0.5661324772113467,3,1.0
5,7.398022654435072,0.393245576265178,Referral,1.7582114807413474,2,1.0
5,4.239072530574339,0.1794876359124095,Social,6.936113613500307,2,1.0
4,5.18504122732762,0.2476432613493844,Organic,9.170584490804552,4,1.0
10,0.7319165340964041,0.1864129688823687,Referral,0.7870498841479842,2,1.0
6,0.917835296373848,0.624656972520562,Social,2.980979880807161,1,1.0
2,0.7015805860141602,0.337603562709081,Social,2.608252823560937,3,1.0
4,4.345319165932967,0.0287929683193823,Organic,5.790953604914294,1,1.0
3,8.864754583822222,0.2185211166175287,Social,2.0147432917832275,2,1.0
2,3.7851999165112513,0.2476224459368273,Social,5.702744841634412,1,1.0
5,6.39768567773557,0.3445137807943357,Referral,9.24603130389294,2,1.0
6,3.0541324069941216,0.2676906446227921,Social,13.689439890022056,1,1.0
5,1.471402298348164,0.2413342596032923,Direct,0.4743160417645521,3,1.0
10,1.664131991635062,0.3324456101653984,Paid,3.9128954916570087,2,1.0
5,0.234927288284569,0.3491580242540016,Organic,3.5074852884322527,2,0.8848068823104553
5,0.0958878004607623,0.343395616152479,Paid,6.925161643582835,2,1.0
4,3.567012232307317,0.3359683682393812,Organic,7.862577090155547,1,1.0
4,1.7310506204483256,0.0951944025834899,Organic,3.316048891015241,3,1.0
3,2.410326673368135,0.4063735901569503,Paid,9.927656398409026,2,1.0
6,2.4470378470532093,0.2472113025781624,Organic,2.967770557067128,2,1.0
4,0.974597967318705,0.3568658269877995,Referral,1.573682889645753,2,1.0
2,1.938175451078997,0.2658512328764058,Social,5.735960728814948,0,1.0
9,1.9089410479486952,0.3252518548296949,Paid,1.1577660659037785,2,1.0
5,1.4751639424157277,0.3932570324596753,Direct,5.517503513808257,3,1.0
9,5.1556728449863805,0.0909793337107155,Organic,5.696601766644912,2,1.0
5,1.7998668413195869,0.1889284250099668,Social,6.916473761490087,4,1.0
5,2.776331414998081,0.1642863153350331,Social,2.973164094884842,2,1.0
1,6.7762822969344665,0.0512001194772509,Organic,6.47996611116226,2,1.0
5,6.034981364361935,0.3195416615462995,Organic,0.3839075501831925,4,1.0
8,6.633361542654452,0.0832936121284505,Organic,4.716308439375521,1,1.0
6,0.9441527680072368,0.579476039583109,Social,3.82498286914969,2,1.0
2,0.1068270929303397,0.6208996638707637,Social,7.575048449123924,1,1.0
5,0.9076432632003524,0.1125292644168937,Organic,13.61465526311444,2,1.0
5,0.9801309701634568,0.2955270940034283,Paid,10.782517223846042,3,1.0
4,7.202589800739837,0.33616327214139,Organic,0.8175141664774211,2,1.0
6,3.142982523875423,0.3349777178028925,Paid,3.530392639181119,2,1.0
5,0.2557063687650984,0.3307137663217387,Direct,2.121120392580613,2,1.0
6,0.4363906533340707,0.6032646104536045,Organic,1.4284737105200571,2,0.7996957088853842
5,0.5076573614552399,0.3431515583052584,Direct,4.634242625725892,2,1.0
4,2.9861783501828336,0.1690976848225153,Social,1.841314495022296,0,1.0
7,3.988767105472297,0.333913788897978,Direct,4.039988250061184,4,1.0
5,5.8907177688681935,0.2558546012211838,Organic,2.6843616543722644,0,1.0
7,8.472229726341876,0.1104118270518409,Organic,4.705387302180784,2,1.0
6,0.6758295636332056,0.1098079253418398,Organic,2.084484107886397,1,0.985842255557492
4,1.1122020103697632,0.252441043778289,Referral,6.742278267268566,0,1.0
8,0.8245853371753671,0.4092603975781829,Referral,2.8536156870424603,1,1.0
4,1.3330617647802283,0.2636784310112573,Organic,1.813395948504584,3,1.0
3,7.383515552879057,0.5311580804012489,Social,3.2482304839120326,1,1.0
5,2.5677930255808645,0.4514916276840939,Organic,5.111094378605321,1,1.0
10,4.020430428351154,0.3024359623163166,Organic,2.03203946294664,4,1.0
6,2.0207351307762327,0.456166019702349,Paid,3.4182350002156525,1,1.0
4,0.0878474734655312,0.3379518050280474,Organic,3.0856235622004995,3,1.0
3,0.1990460306371376,0.3911684955479673,Organic,1.4103474653974752,3,1.0
3,2.316071408367624,0.017976743421496,Organic,6.54020733300812,3,1.0
5,3.8059503767009946,0.125009974042444,Social,7.754137658358261,3,1.0
2,0.7274781121339704,0.3448001508091992,Social,5.104160426784452,1,1.0
6,3.839426834317345,0.1714311244708553,Paid,8.802778389010902,1,1.0
2,4.9927242942706895,0.2827268904148389,Referral,2.4861643360342534,0,1.0
5,1.592561969264463,0.3484302373990572,Paid,2.6609004634403224,1,1.0
2,4.116218695756936,0.4268730419937465,Organic,5.0010455920028125,1,1.0
6,1.5526945962252972,0.0197994884041227,Referral,1.8448901920669585,1,1.0
3,3.402879714250271,0.472950623054485,Referral,0.6003820536315855,4,1.0
5,4.331732913454186,0.2978066000685604,Referral,7.516459463561049,0,1.0
2,14.457548518893848,0.139911844654334,Referral,1.9925820766737496,2,1.0
6,1.271177453183789,0.2606681935989561,Referral,7.347503766487548,6,1.0
6,1.58819500408896,0.4146561285519516,Organic,5.570132212931676,3,1.0
7,0.5431992483146756,0.1190702129908198,Social,4.969958642186269,0,0.9877466601027014
6,0.6847436377853675,0.450683956223077,Organic,6.241210159947087,2,1.0
6,3.5465850397771512,0.5183477591272448,Social,2.3941152724269257,2,1.0
4,7.46839230319226,0.2527618276670299,Organic,7.389675230104218,2,1.0
4,1.5056221847528868,0.1262115654714545,Organic,9.96589233459603,3,1.0
7,0.5947837732001026,0.1761530668359324,Referral,7.295669483422335,0,1.0
5,1.0068357178439782,0.3259512878782334,Organic,1.4649215894320613,5,1.0
5,1.8211930800811331,0.2754522235689379,Social,4.260066702562681,5,1.0
8,1.0302200566326514,0.3456008789725796,Paid,1.1301112282547388,0,0.7207680611851063
4,0.7980712809611799,0.3402032784557136,Referral,5.644779150903597,2,1.0
2,3.995242268561338,0.3134811093794294,Organic,2.7052058399975065,1,1.0
3,0.0236275635626928,0.3794324025182743,Organic,0.6026939278754596,5,0.7027854341594622
4,2.3245722610651938,0.1801485321462059,Organic,2.478843579337014,5,1.0
6,4.736243237150505,0.5983548327933296,Referral,3.6030017440555793,3,1.0
9,0.9286719465739894,0.2593869755599726,Referral,1.9351141551411608,4,1.0
3,2.773660655012121,0.4964032212718601,Paid,7.460322505856357,1,1.0
5,3.3160054602662834,0.3669315928593799,Direct,2.1591737924204684,0,1.0
3,3.1928473448876646,0.1936037774466928,Referral,1.8686979663541377,3,1.0
2,1.7709576319449012,0.3213650748304505,Direct,0.5314646571651243,4,1.0
4,1.2765962753800728,0.3005018157282731,Organic,6.371559823067758,1,1.0
9,5.422277966857733,0.2638350578455884,Organic,3.8902814832299866,2,1.0
4,4.261986151157326,0.5729607213607305,Organic,6.933823216950603,3,1.0
5,1.162530089206963,0.1873291452020437,Organic,4.048998289568758,0,1.0
8,0.3261624469157587,0.4242854946896952,Paid,8.666665971547358,1,1.0
8,0.2235485439723026,0.4103349990613711,Paid,5.410699553858155,1,1.0
5,0.297061892130309,0.2714816504133973,Paid,4.97189432427718,1,1.0
3,2.623067471198906,0.07999906074457,Referral,3.5301546279732583,3,1.0
9,0.1591334567867066,0.3837779664036621,Direct,0.4473552904569643,4,1.0
2,1.2326100021190252,0.2198058552698401,Social,2.0556788897286267,2,1.0
8,4.19752733744602,0.0992273009261653,Organic,1.6998411911116889,1,1.0
7,1.0458999505010336,0.3347419243804673,Organic,3.471933996736508,4,1.0
6,4.322987661505055,0.0986640555850519,Organic,2.438211663521108,5,1.0
9,4.104974806476552,0.3336708620940493,Organic,6.78220662618648,2,1.0
3,0.8464010105614749,0.4087100513983619,Paid,6.241495327696201,1,1.0
6,3.914941533789663,0.2145747566827016,Paid,2.867495380016611,2,1.0
7,4.1323206839675874,0.5213065150486286,Organic,3.8903005596413287,1,1.0
7,1.5197734338576248,0.228091474276097,Referral,1.9623392288955688,1,1.0
5,0.7087641993637348,0.6406057950380312,Referral,5.4425286177830925,0,1.0
5,2.209860600907432,0.1840045279641104,Organic,5.020236738721375,2,1.0
1,7.630058678992231,0.4657345381239367,Organic,10.436538586707814,2,1.0
7,3.061761545153093,0.342926716371232,Social,3.354205345907566,1,1.0
4,0.5695706198025619,0.1671849495359755,Paid,8.308488578131598,2,1.0
7,3.444260999991245,0.2569404360600969,Organic,1.2811647238702892,2,1.0
5,1.6716718452262076,0.0264420309161427,Organic,3.8428290364409703,4,1.0
5,2.6860015875869534,0.2010027978549476,Organic,2.8121368672005618,2,1.0
3,3.973499197052692,0.2825434354848789,Organic,4.080773263041028,6,1.0
5,2.1704935210731087,0.1926559624230055,Social,4.54166267702213,2,1.0
5,5.045767352316969,0.0917691113281429,Organic,0.9334650593885296,0,0.9106572009740136
4,3.842081879330389,0.2970668871105968,Organic,6.793931683190681,1,1.0
3,2.864107369185383,0.1891425243385493,Organic,6.787871828445139,3,1.0
3,0.4903562677937998,0.2964533699874834,Social,3.0891497960440377,0,1.0
5,5.4227357999133305,0.2868697606836943,Organic,3.2172057290070986,0,1.0
10,8.242194159979352,0.6311072784529376,Organic,4.53264512534869,2,1.0
2,0.4419005279394539,0.7056353993323261,Paid,6.579452444801866,1,1.0
5,2.009705162405614,0.4716618932407757,Paid,4.45174107361843,2,1.0
3,0.8988135575040241,0.4757162526525013,Organic,6.165049455282938,3,1.0
4,4.2136598245545605,0.4317434850279253,Organic,1.7572648402180746,2,1.0
6,3.8364084220635215,0.4780325665655288,Social,8.52490247914414,0,1.0
3,0.4555578891012772,0.618646353060288,Direct,2.425418991624066,2,1.0
4,6.287377997300942,0.0926067151619476,Organic,5.055026319690452,2,1.0
4,0.5989149202624441,0.2567413659895438,Organic,3.55012092551908,1,0.9785623541517404
5,4.787478309363153,0.333312466701102,Organic,3.920297831869191,0,1.0
8,1.831829368764459,0.6281102270709287,Social,3.6713766557624856,1,1.0
5,1.1937066579642943,0.2678427018955912,Paid,2.999590100516251,1,1.0
6,0.5167783951995581,0.0797277822059525,Social,8.96751564251807,0,1.0
3,0.5503779335010562,0.4037045671931855,Referral,1.5616781699792803,1,1.0
4,3.2531568997554823,0.0274172031190091,Direct,2.767099500150896,4,1.0
5,2.3983937146117262,0.0852619505947165,Social,6.9127811904364656,4,1.0
6,0.3906179437639152,0.5158380623351615,Social,6.874374409548042,2,1.0
7,0.3587091714799161,0.207304516674919,Paid,4.210922155904473,5,1.0
5,0.225174819906523,0.1944800419852734,Organic,1.7966331454722173,1,0.9546245044120734
2,4.085008343665675,0.3852551100261852,Paid,4.202028417064748,3,1.0
6,3.7331563690532175,0.2109709351142247,Paid,1.841668394935528,3,1.0
4,0.1806229096495874,0.4001551518987801,Referral,1.377693793946853,3,1.0
2,2.464783646106385,0.3755004619900949,Organic,3.8361963606672167,1,1.0
4,0.2654320428842659,0.2831591016702666,Referral,0.7963578591420201,0,0.6546530768008836
2,7.022287095163114,0.2606639214826741,Paid,8.220105932197546,3,1.0
3,7.129257466120782,0.3730905377134682,Referral,2.148944178222466,2,1.0
4,3.5943001464175586,0.117814605647664,Organic,3.006871820162799,2,1.0
7,7.818739327936128,0.2721933980115276,Paid,2.0739559073798235,2,1.0
5,5.005224382826845,0.1213136646036166,Organic,1.262660354952216,3,1.0
5,5.290190910589482,0.3191556893528231,Social,0.1907984726249697,0,1.0
7,2.5298726511442062,0.1619680350239067,Paid,1.5538368210163236,2,1.0
9,1.096105866410684,0.3663188244863406,Organic,8.503792481266933,2,1.0
7,0.7369310561580409,0.2742228700007361,Organic,7.591828471377594,3,1.0
6,1.188921609241285,0.4150247241891296,Referral,0.698398835721724,2,0.8558626897863428
6,2.970582340977704,0.0892307676827799,Organic,8.21353097158274,3,1.0
9,0.5686060703830407,0.6153360403402338,Direct,4.082688253233807,0,1.0
2,0.8978077826918711,0.3124528470419891,Paid,1.2039545093764443,2,1.0
3,1.893678599807922,0.1420165256385056,Organic,5.414502455296905,3,1.0
9,0.7960013917527602,0.2058874818314959,Referral,3.1816363043637943,3,1.0
3,2.664886369319799,0.582373813070798,Organic,2.3093006497555195,1,1.0
8,7.698715674167728,0.5599032384584985,Social,2.4628102202970035,2,1.0
5,4.136042640514116,0.4527849249796499,Organic,5.270788630283388,1,1.0
4,3.2936771709116077,0.0933157639478207,Direct,5.743321678195503,2,1.0
9,2.6220040705336114,0.1142869171733067,Referral,1.787608822557557,2,1.0
2,2.007986758156409,0.1373833372953697,Social,4.642438917058444,1,1.0
5,0.6194635657876107,0.3321218280106991,Organic,4.319798430545173,0,1.0
10,6.753123469725169,0.2089496383618496,Organic,0.068515467921686,1,1.0
5,0.8571959334201609,0.2011643752202366,Referral,5.988554333592261,3,1.0
4,0.2872501255963069,0.3762792003008411,Referral,1.8237285782461965,2,1.0
7,4.159065239634054,0.3085099140764902,Organic,3.1870033168628065,3,1.0
3,0.5793548200195023,0.0466950966791153,Organic,4.193062059635061,0,0.9035370882358252
6,1.3951485611967498,0.0887965515653778,Organic,5.889094002599701,3,1.0
3,0.0860779607889425,0.3918548241172235,Referral,7.708172149576284,2,1.0
3,0.4422579579548393,0.5616375918434734,Organic,5.615400561292272,2,1.0
4,0.5705905275724977,0.3790390397007706,Organic,4.813500623642166,0,0.6577311179334998
1,0.1678390283500928,0.5163854775735791,Organic,3.869994368568356,0,0.8878739789459864
2,3.207075615436353,0.10248116131254,Paid,2.546246312240936,1,1.0
4,5.442158718996336,0.0786978322861367,Organic,7.394133180678457,2,1.0
5,1.4019357161176806,0.0234354654872647,Direct,1.7507776663082302,3,1.0
8,6.228177247188317,0.515381923071199,Organic,5.663944993041147,2,1.0
7,0.7199025055206278,0.4269774564857033,Direct,5.2919849201971365,0,1.0
7,1.1808634821791386,0.2743496589767039,Paid,3.7463551112805993,2,1.0
2,0.4901590686854686,0.3282714833970901,Organic,7.447491568124556,1,1.0
6,2.9071700309153115,0.5692756003287346,Organic,4.145950496388889,3,1.0
8,1.6335070721642622,0.1396769841175396,Referral,3.911168612013953,1,1.0
6,2.8501890494888977,0.0301908019316886,Referral,4.690626846115313,4,1.0
4,4.302358780923639,0.139937527964396,Paid,6.402000013221265,3,1.0
4,2.367012435288859,0.05980870670471,Organic,0.3285706909767681,2,1.0
4,2.963604745358991,0.7253254306621951,Direct,11.075412243454586,1,1.0
1,8.211679301775632,0.3927279178212395,Direct,5.907398497331482,0,1.0
6,1.0660174079064038,0.5773191446831485,Paid,4.238077834108798,6,1.0
8,1.3349448278141196,0.3137407321707186,Referral,0.4834647973028944,5,1.0
7,3.794390556240909,0.3457597703217934,Paid,8.432423239646345,1,1.0
7,2.8348849044977382,0.2420384966039725,Organic,2.579835079759805,2,1.0
6,0.5899901895736586,0.5252687798042955,Organic,1.2739836636034825,3,1.0
6,1.4155230366517793,0.2945177987261529,Paid,5.844368735145613,3,1.0
4,1.89242204813836,0.0978432120475535,Social,2.026631354505815,8,1.0
3,1.6310271747203935,0.4316315614720315,Organic,7.055173055976084,2,1.0
6,0.5890477695471648,0.2939308733435798,Paid,0.8208364977829452,3,0.9508899647547144
3,7.748091343529273,0.2946133996973513,Social,3.3698117943719685,2,1.0
10,4.310474513609595,0.4013614293998844,Organic,4.242693298776829,1,1.0
5,1.9696117258582173,0.64639188328475,Organic,3.6815971526726505,2,1.0
6,3.41887504450606,0.6925531597635645,Social,1.9176997965098224,1,1.0
6,6.827323359477726,0.6194852384045413,Organic,3.641566684228662,0,1.0
4,0.4391522524559275,0.3544511030093233,Organic,0.5460028935502858,2,1.0
6,0.8645387914179069,0.4386648999649919,Organic,4.215996772201529,4,1.0
5,2.3472551272746056,0.1988218059035424,Organic,2.6091435531520184,1,1.0
3,4.813505913066831,0.3884640485378759,Social,5.142598675971212,1,1.0
2,0.1107853010809865,0.2739123987127133,Referral,4.3300101783360425,1,1.0
3,12.408904763757402,0.0919612410900342,Paid,0.9295370383820012,6,1.0
2,1.8203943844296424,0.4106631318736402,Paid,2.8937965599289104,1,0.9682403498055436
8,1.3352594426540458,0.1292976714454058,Direct,1.286938453871138,1,1.0
7,1.0390047792612234,0.2333622024357452,Organic,3.702190413266707,1,1.0
4,0.5747773445737528,0.2347603658949648,Organic,2.624259968365272,3,0.9163888978835932
3,4.704512339599866,0.5158848851135669,Direct,5.568310756341026,3,1.0
3,9.331017196812343,0.2408269070095388,Direct,3.859289093399663,5,1.0
6,1.6014883580464143,0.4655113196029998,Organic,2.630837546260146,2,1.0
5,9.13607212802996,0.117722931796214,Organic,3.754019898292886,1,1.0
1,5.208366096857362,0.1658587060590176,Paid,2.187169434854358,2,1.0
8,1.967849736551672,0.5283654585649964,Organic,4.589174900499032,5,1.0
9,3.3628146147235967,0.1749315893871861,Referral,3.864829790516202,5,1.0
4,1.7127046402785684,0.1502448527092043,Organic,0.3328268466643971,3,0.9294520123041576
7,2.4542502236291126,0.4495086790577741,Organic,13.882652785724172,2,1.0
3,0.1793975869695548,0.3327283587257116,Paid,3.3106595865766284,6,1.0
7,3.574783945322336,0.1718882042373745,Direct,2.3827832972938765,3,1.0
5,0.1628131003154605,0.3527458662407963,Paid,3.185406883416788,1,0.9221746752853603
6,5.096200274185147,0.2922180545989132,Organic,5.185204653326355,3,1.0
8,5.227998272421974,0.3440868681760898,Direct,2.964311074046832,1,1.0
2,0.8117956414057806,0.1558632844457025,Paid,2.782074585778001,3,0.9084684775821604
4,1.1731904480975728,0.1219218079830518,Organic,1.254665873947257,1,1.0
9,1.9693488198386384,0.2238261715943711,Organic,2.158186436420641,4,1.0
4,2.723947822343705,0.0680128344115744,Organic,3.981381641245604,1,1.0
4,1.0163100026987495,0.0466921126264105,Paid,3.5889643313716824,0,1.0
3,2.693042951973918,0.1139803840253414,Paid,2.1891024313266043,3,1.0
4,1.0605558193760627,0.1838565340049494,Organic,4.280078156618685,1,0.9622726811285932
4,0.1712693037553,0.1087502269088792,Organic,2.169669397227424,0,0.629990763237914
6,0.0075922484359005,0.1288298902993105,Organic,4.284501676667955,3,1.0
7,0.3199208623776897,0.4070936555812773,Paid,1.1106843468874636,1,0.8499817529634528
3,4.714269646428519,0.0601216052609414,Organic,2.900586015501222,1,1.0
6,9.76594360006292,0.2597213226656694,Organic,2.365593357711338,2,1.0
8,1.670431724907512,0.0398728619602732,Direct,7.623073995044382,2,1.0
7,2.156527200495544,0.2459818253718945,Paid,2.3772603856058354,3,1.0
3,0.4764532527990471,0.0872888482017987,Organic,6.496031161313735,1,1.0
4,2.40240666442022,0.3104110140181921,Referral,4.019969352381564,1,1.0
6,0.4687508042871907,0.1689366821005358,Organic,1.4265780810251287,3,1.0
8,2.834181201463493,0.2310509068581377,Referral,6.500456485758032,3,1.0
3,8.12079252459528,0.6197176083073928,Referral,5.821393442028387,1,1.0
4,0.6533433868924545,0.1751486315567952,Referral,4.624260866516432,2,1.0
3,4.338944901399862,0.5810713967266852,Referral,4.575273263535674,2,1.0
8,0.0713490293797116,0.2649986525674453,Organic,3.690304511058263,0,1.0
1,1.4123985960207586,0.2693989854421736,Referral,4.995924667972411,1,1.0
3,0.3521255704379824,0.0771483106897899,Organic,6.308064532299187,2,1.0
7,1.3037956742704928,0.1973046935701143,Organic,1.0262820580469716,2,1.0
5,0.5718000977348827,0.4255238850593484,Direct,7.040877469383021,1,1.0
9,1.4018858529651708,0.2414740724089928,Paid,7.807379812038426,3,1.0
5,1.6213957392740324,0.1408179936878665,Direct,1.317407544305408,4,1.0
4,1.072559285437433,0.0861085599149496,Organic,2.43255524746992,0,0.817101927256715
5,3.206769751963769,0.4508035745238151,Paid,4.338799246849549,3,1.0
7,7.534443788145399,0.4252741445041513,Organic,6.033240573053863,2,1.0
3,1.5354552197617983,0.6148729301410637,Referral,3.515315028897097,2,0.9944984350566488
6,0.6408540278362123,0.1171497177796214,Organic,4.612204539735098,4,1.0
7,0.9471039450387104,0.4496559837751105,Organic,1.8287065052542404,0,0.8777707026957984
4,5.772462893027389,0.0789640487454933,Organic,4.117416665737779,3,1.0
4,2.5433720082839377,0.2024797085956782,Referral,8.363161393147124,1,1.0
4,1.820969181866519,0.3040507720626174,Organic,3.866233219228964,1,1.0
3,0.4862749030238044,0.4291184811554731,Social,5.506662868326882,2,1.0
4,1.7920239617330136,0.0856712926404855,Organic,2.018504084547383,2,1.0
2,0.979235452415658,0.6129403488114324,Organic,1.7305087482030024,1,1.0
7,8.602710019065508,0.2701997532649485,Organic,10.564377261436348,0,1.0
6,6.464308986326625,0.118168019326587,Direct,4.372778695019833,3,1.0
7,0.2628975737505927,0.3449930397641723,Organic,5.856295955051403,5,1.0
5,2.1810644070295298,0.5158014863048007,Organic,7.317968459390644,0,1.0
4,0.764902610993621,0.2095434988361187,Social,1.0533417152874178,1,1.0
5,1.586852133332233,0.256289599820403,Organic,9.166247466039346,0,1.0
4,6.2830076999757605,0.1079656988083178,Referral,3.9153795142438974,1,1.0
7,2.2492447873300785,0.2710480466439936,Organic,10.218384470918334,3,1.0
5,1.2203667720661708,0.2200078057147785,Paid,1.4349353006414245,0,1.0
6,0.6991587901904565,0.2236170448062484,Organic,6.577595892288439,1,1.0
5,4.833190590201591,0.1725173706345966,Paid,2.340681627911324,3,1.0
2,2.9386343577934104,0.0471018827643004,Social,3.1109832495728624,1,0.8590043386948187
4,1.893704529375692,0.1818523406867452,Social,6.993846776439902,1,1.0
4,0.7357240851133215,0.256015757487291,Paid,2.4981289812344825,3,0.8552416924723305
6,1.2205068241500765,0.1611317770535168,Direct,3.68288411110778,1,1.0
11,9.644907403180731,0.132499496496415,Organic,3.7078900587080064,2,1.0
6,2.202469687944927,0.1686664597004675,Organic,2.551275907389156,3,1.0
8,1.5359753165747696,0.2452715352722616,Referral,2.3904258328412658,3,1.0
5,2.210808481371458,0.2151598450554143,Referral,0.7451192431403383,2,1.0
3,4.528621707938395,0.3551905347512261,Organic,2.9479611260813647,4,1.0
5,1.2470415386765072,0.1294912491496419,Referral,4.342289832777759,1,1.0
1,0.59062284300123,0.0576757385973005,Organic,2.9277946421478145,0,1.0
8,2.6379685166537143,0.2083916320190373,Referral,4.55720698161625,3,1.0
6,3.282702590869398,0.4663576630673939,Social,15.487084646014722,2,1.0
4,3.741872932613677,0.20787156727713,Paid,6.80791567744424,4,1.0
7,6.410896491140435,0.4970707438256944,Organic,3.637175185171928,1,1.0
1,1.391702646147468,0.6078966439284913,Referral,5.907317319579736,1,1.0
7,0.2350358600678792,0.0703556215729767,Referral,5.936345777919726,2,1.0
3,9.535259713462564,0.3052743881312257,Organic,0.4731559383436445,1,1.0
9,1.7128519757019949,0.7145786074866135,Paid,8.88604007363254,3,1.0
4,2.928580123348773,0.4484506284839917,Direct,3.662978097183886,2,1.0
2,3.292586535569688,0.4625407446237007,Organic,4.377659837667509,4,1.0
4,2.37237071565728,0.1725564961784377,Organic,0.4080833593414735,1,1.0
6,0.6892114607455151,0.17669140267183,Organic,4.635829517054,1,1.0
2,4.221243350956893,0.3126725092345966,Paid,4.04728022268864,3,1.0
1,4.885127947555228,0.4215412152823785,Direct,1.9040839024838965,3,1.0
7,2.415426205348186,0.2730118685560562,Referral,2.6907330890864527,0,1.0
7,2.011581815326501,0.4671153443480214,Organic,2.1267971386895104,2,1.0
6,0.3629056802250374,0.554512443182363,Referral,2.3688961366585253,3,1.0
8,0.2630584332357499,0.0590511943168131,Referral,3.7857678378213664,2,1.0
7,1.2445690089512844,0.5152320828192959,Paid,5.291813217985192,0,1.0
5,1.1168722388134662,0.4925010003399904,Organic,7.590219658134025,2,1.0
6,9.215019528045664,0.2341953416395026,Referral,4.484768427566623,2,1.0
6,4.592195496009553,0.1175800748905186,Paid,3.375498275621054,4,1.0
7,3.235761075463341,0.4344531762851868,Organic,6.0641132474948565,1,1.0
6,2.1872439766694853,0.2652702123996475,Paid,2.857985911891547,2,1.0
3,0.5494888426076158,0.2946511960271852,Direct,2.919372912941294,1,1.0
3,11.513067373477888,0.1470583952273488,Organic,3.008680010278437,6,1.0
1,1.4102062456508624,0.15982746874358,Direct,1.326299232720533,0,0.7822984821082476
5,0.3392561689401207,0.2856057596497476,Organic,4.696597366970066,2,1.0
3,2.042463748067413,0.3995188443715513,Referral,3.899989317335423,3,1.0
9,6.214372773919889,0.179326219826377,Organic,2.661398959329914,1,1.0
8,6.548838056591727,0.5089363381998852,Organic,2.056232295848163,3,1.0
4,0.0330794547489073,0.40060606662358,Paid,3.0874303947496866,1,0.978950631172576
2,6.522463361089198,0.4128279009878001,Paid,3.13472908934174,1,1.0
3,0.9502379676074756,0.6749435903943612,Social,6.768647664015889,2,1.0
2,0.1192563385447577,0.1384825835657882,Referral,2.3978668941651464,1,0.6889617019072625
4,5.647487726823695,0.4146077259684921,Paid,1.9058473068268649,3,1.0
4,5.982363412478176,0.5816827691183228,Direct,9.596402787921036,2,1.0
5,2.7207376334149127,0.1970941858561585,Paid,3.0661904815955348,2,1.0
8,2.563003983168563,0.2297867603924758,Organic,3.557578956041571,0,1.0
6,5.03187011444407,0.4390520168533365,Organic,7.627249369788737,2,1.0
3,4.629680457464738,0.3932270111952051,Organic,4.8922728253032925,4,1.0
5,6.624702667977226,0.0989735521209851,Referral,3.697820895461828,2,1.0
6,2.413895549180618,0.3238137365682694,Organic,8.494369459113676,2,1.0
3,10.293154178752143,0.0454688413384311,Organic,2.584486542164076,2,1.0
8,16.676578005221405,0.457113916841628,Organic,4.645258794207658,3,1.0
8,0.3717434425666571,0.1799786380311665,Paid,2.5272739021265638,4,1.0
5,5.682248994688155,0.4243954333509234,Organic,7.652541274725932,4,1.0
4,2.078375277680307,0.1297754235630796,Organic,3.899837754426802,1,0.9072588206775948
2,1.470943949571676,0.267223946820285,Paid,0.1622241967655033,2,0.9208475562696392
6,2.8485523519579004,0.1046891895551661,Social,2.3200799856834022,6,1.0
5,0.1727778826529062,0.1298485322612179,Organic,7.274261675277414,6,1.0
6,2.118460909557786,0.1213295606269264,Paid,0.6214393804722685,2,1.0
7,6.1412848195555725,0.1484813617535257,Organic,2.4297401190329477,4,1.0
3,0.7203408814556955,0.4546200272173321,Direct,0.5972109568466943,2,0.5954457521058805
9,1.6674161179313771,0.2334632302985037,Organic,0.6687278024410713,0,1.0
2,8.414388174881225,0.2866236216352397,Direct,1.4908518168339564,0,1.0
0,1.678807512550867,0.2284749019011779,Direct,4.35533648625104,5,1.0
6,1.331219326027739,0.0554645834345795,Social,1.303676062794639,1,0.9236440909788246
4,1.7423317648094274,0.3805690050809185,Organic,11.527988755485213,2,1.0
6,2.198489264133348,0.5312608390308925,Paid,4.847626989220188,0,1.0
4,2.998946459123854,0.1781125343500077,Organic,3.6468587630375846,1,1.0
5,4.838723791718916,0.060373568498309,Social,1.0631686246859626,2,1.0
2,1.804999548893631,0.1650944177014403,Social,0.7426656513766793,0,0.5067471406596634
5,5.102701938468602,0.3042353489968824,Direct,2.9195322273948707,4,1.0
4,2.288911155869257,0.08517005200246,Referral,10.483249016169136,1,1.0
3,1.2396474992295952,0.4680926896523028,Paid,1.314910238019572,2,0.791080888425599
5,3.218402324477707,0.1592362837260543,Paid,0.9633956217072464,1,1.0
3,3.794591341484223,0.0653993611367414,Organic,6.725761861587455,2,1.0
3,2.449668622905966,0.0732664066351309,Paid,6.588457263636519,2,1.0
4,0.174842339151749,0.3031306066055693,Referral,4.141750495746263,3,1.0
8,0.5585654216493248,0.2255934209656989,Direct,2.1944381920768423,1,1.0
5,1.007667647571517,0.1972669265974934,Paid,4.980315119926041,2,1.0
4,0.9964722216984644,0.3973007259194012,Social,0.9578646333981452,0,1.0
4,3.3572483630891874,0.3450731382865402,Social,3.685738842650168,1,1.0
4,0.0555572588837508,0.3245316787423343,Paid,0.5897157824746674,0,0.7056912949703028
4,4.22785113296745,0.2464490582333947,Organic,3.5062918912319336,4,1.0
7,0.925052521430994,0.4474205357673033,Referral,6.881434054047324,2,1.0
8,1.1132860292244446,0.1402389003238588,Paid,10.689361396051789,1,1.0
7,2.2517558074535664,0.1823129803790099,Organic,2.2833955730612003,5,1.0
3,0.7297540991178249,0.6068149643939372,Organic,4.327456844547397,1,1.0
6,6.474709237640681,0.1757485586043958,Direct,1.99875712122725,3,1.0
6,0.26770299739031,0.6067441055476297,Organic,5.051853565517356,2,1.0
4,1.7630247698620878,0.0672906783100349,Referral,6.356847003247568,1,1.0
6,5.6798275382905,0.2160593989244398,Social,4.999269262996467,1,1.0
9,2.870118852175768,0.5445018184148691,Referral,2.0709453544220926,3,1.0
6,1.037330134457256,0.2107458765645879,Paid,1.4719408417148854,2,1.0
4,1.6381162146813129,0.4283895344935662,Referral,1.682743855803458,0,1.0
6,3.6796204292452632,0.4045878010817402,Paid,3.501575004176066,1,1.0
7,10.864867522175452,0.1432252017111178,Organic,0.8763341481513456,0,1.0
4,6.708671157209275,0.0429608516106988,Direct,2.245409438073943,2,1.0
3,1.2576249827315729,0.2196850701656845,Paid,4.9166524425419125,2,1.0
4,18.956373402507516,0.3642672659450486,Referral,4.051324810591934,2,1.0
5,0.010532457752953,0.2382337814747031,Paid,1.241465082383058,3,1.0
3,0.0840559121617255,0.2179265223522057,Organic,6.437025124606416,4,1.0
5,5.2090965913875245,0.0399058995383663,Direct,2.9079529918816545,2,1.0
3,0.6674164059171215,0.3035796154433492,Social,7.60231079157827,2,1.0
5,0.1880823282013257,0.3092658266608776,Organic,2.0179867557922098,3,1.0
5,0.8120740010475762,0.7176512708580046,Direct,2.110078023595672,3,1.0
5,1.6659011465218132,0.4396371262573429,Referral,6.297714088335935,1,1.0
6,3.934298460883349,0.2295460982021901,Paid,0.9724280171264016,0,1.0
6,2.9371766754884385,0.0889091895736608,Referral,4.991037439520588,2,1.0
6,0.8139352709639518,0.2313339352113561,Organic,0.584795041312509,3,1.0
5,2.099128686489322,0.342005755527716,Paid,1.8338637391838415,1,1.0
7,7.819763087115886,0.2533879069050832,Organic,2.3268445141423,2,1.0
3,5.062324477612394,0.3860187087147118,Paid,4.807228533875391,5,1.0
5,1.1710931324111644,0.3959378654818778,Paid,0.2271762181146282,5,0.9022687989511856
7,12.096571373417795,0.3556515315128609,Social,5.320568408613318,3,1.0
2,3.699385188085178,0.2000056569628308,Referral,2.183559939559228,4,1.0
8,0.193453505923599,0.3638507279091349,Organic,8.151208131577496,3,1.0
4,0.1073812013426218,0.457315908772004,Social,1.911817525080417,4,1.0
2,0.5532398452142506,0.2708669114878799,Paid,1.891102757740841,4,1.0
5,3.9042703684723534,0.0457263251841346,Referral,0.8313538157920174,7,1.0
5,0.6090630941057577,0.079738207605602,Organic,3.59243448615355,1,1.0
4,2.149166170018913,0.4054584045873077,Social,9.977815435933367,2,1.0
6,0.2936989854592204,0.210092529827748,Direct,2.6787017991788407,3,1.0
8,7.61060227107874,0.6732497275434242,Social,3.676773623435404,0,1.0
4,1.2646033547143227,0.0840133147473704,Direct,0.6245901049899256,3,0.6865045767125265
3,7.162209391502939,0.2748224778379414,Organic,5.25174609512246,2,1.0
6,8.694490769755951,0.0407077590265927,Social,2.4686130541783182,2,1.0
4,0.0184425136751244,0.122493242907136,Paid,2.169641589663144,1,0.6357664989939598
2,1.8716200939376255,0.3910217757925533,Organic,1.5593810493571958,0,1.0
3,0.0748953204393462,0.4860433604584488,Referral,1.876248348494417,2,0.8214747837186611
1,7.180575793621854,0.1434882246068947,Referral,4.95867450843442,2,1.0
9,2.191971153262044,0.4205019160659644,Organic,5.958808885206228,2,1.0
5,0.2337030494668487,0.4472907566114953,Organic,0.5080472590105366,2,0.8295907304189468
3,0.3505343857582071,0.1232859222178633,Organic,1.0826721140348392,2,0.8792416644563193
4,1.4511347842611515,0.2645538725114915,Organic,3.414649987381721,4,1.0
3,8.451964706190722,0.6403089465084102,Organic,1.106803014452858,2,1.0
4,3.541834955821728,0.21473731413204,Organic,1.3624445597008463,3,1.0
6,6.066210418524205,0.1897443288020604,Organic,1.6352087249378966,2,1.0
4,1.369280539273101,0.3047466995125148,Direct,4.297486205503022,3,1.0
2,0.1325256419394841,0.0832178984762634,Social,7.666113086233403,1,1.0
6,10.985852385657166,0.1314672613425625,Organic,2.7706624196436342,5,1.0
3,0.051966470052648,0.4298300925525387,Direct,3.510940806096003,2,1.0
6,8.849504758933142,0.469400322544622,Referral,4.926439721972666,1,1.0
2,1.379814998643565,0.5250144176201945,Paid,1.6580318876819835,5,1.0
8,0.0304249746815496,0.2386968629652156,Paid,4.599644029833717,3,1.0
3,3.5054041886748792,0.2329023102369724,Paid,10.701246877033787,2,1.0
6,11.81822947723746,0.3617205572550268,Organic,1.394191278306372,2,1.0
4,10.111340253657554,0.3092466560972909,Organic,4.384028095090415,2,1.0
5,0.5264084978789101,0.4329390616222542,Paid,3.529928500381019,2,1.0
6,0.599921437267227,0.2986858516961289,Paid,1.3322058798742389,3,1.0
1,2.500946700384018,0.2973542138727255,Social,6.189268016134992,1,1.0
5,3.042577619175269,0.1286062957892837,Organic,2.0002941390032265,1,1.0
7,4.034512070214015,0.0889846183936262,Referral,1.1898351192513972,2,1.0
6,0.599198061652949,0.3487899676378257,Paid,2.1228937320552683,2,1.0
6,9.583068225392362,0.2189591245135727,Direct,4.680731113726572,0,1.0
7,3.0544658988657574,0.0950856229877337,Organic,2.090078409432233,3,1.0
4,5.632872191711841,0.3699395473272994,Direct,0.3036339778352806,0,1.0
3,2.330014977053331,0.5944725200577614,Social,10.392568134433894,0,1.0
8,1.6047241115953723,0.158088963896626,Referral,6.630967650916865,2,1.0
4,11.340735939506006,0.2494306054808704,Referral,3.827702721567264,3,1.0
5,2.617692748299745,0.17267918517115,Organic,2.3095305538347173,0,1.0
5,6.0493682908054245,0.2053852406541535,Direct,2.4707154583873843,1,1.0
3,9.191544926555451,0.2361805768081243,Organic,1.4194647546189094,3,1.0
9,3.375065557282668,0.1802800991837155,Paid,3.5114263916829342,1,1.0
8,2.3884559427432817,0.3377471012906647,Organic,13.10170749883212,3,1.0
6,0.0105510852324056,0.0551577931270375,Paid,2.999242420573353,1,1.0
3,0.12252736149803,0.3281001655872004,Referral,5.499781594807124,1,1.0
5,0.6726244135479404,0.1801822452483783,Direct,1.7943370501239757,2,1.0
5,0.6174158147360868,0.1351158260053037,Paid,3.791222908333405,3,1.0
5,0.8821420445120357,0.1839996435318296,Direct,2.009500279895774,0,0.9185157763855974
3,1.0912481740837556,0.5496981131528724,Paid,3.3734690324548766,1,1.0
7,1.33916832461364,0.3320137272273324,Organic,7.946062332655538,3,1.0
3,1.6369639717886528,0.4196094659538577,Organic,4.165342443792573,1,1.0
0,0.3123050531421921,0.124595629658025,Referral,7.741444370212606,5,1.0
6,0.1298561157860261,0.1357966348545507,Organic,7.932359789422225,1,1.0
6,3.36206253154693,0.452676351804457,Paid,2.590288205044874,1,1.0
4,2.3122549509387733,0.3535946864915339,Organic,9.217724024919452,5,1.0
5,1.7617391246438323,0.175431209822812,Paid,4.379389438283997,2,1.0
9,3.0189740809274035,0.0535638721381472,Referral,4.150223524344443,1,1.0
5,5.275195876467303,0.2997235156339027,Paid,1.9775565629212544,2,1.0
4,1.6742386784765313,0.250898312790746,Organic,6.827932457727791,1,1.0
3,3.074297152821572,0.2057473431376883,Organic,4.61783193214629,1,1.0
6,9.209572123835027,0.2134456238026916,Organic,1.881230253928268,3,1.0
2,5.490711937660814,0.5228121747090315,Organic,4.962936050776239,3,1.0
6,1.6653818840660135,0.326730381950322,Paid,1.184025978696498,3,1.0
6,3.1045205024818285,0.1828669687649179,Referral,1.126836187614987,1,1.0
6,0.5846557706574569,0.2054051961440876,Organic,3.276582854840082,2,1.0
5,2.466504122123812,0.637414975557281,Paid,2.4202501843054898,3,1.0
3,11.942237387420583,0.4365236964828574,Paid,2.565022659563426,2,1.0
4,2.191395434130119,0.304550667591694,Organic,7.67990323253602,0,1.0
4,7.878234341689158,0.3419959151578064,Paid,3.753003660803476,1,1.0
5,1.5693774887834502,0.5464516489371513,Organic,2.41519210600602,1,0.8071798772471297
4,20.29051596751485,0.5998265113630471,Paid,1.2560125258109154,1,1.0
4,2.5969356927747747,0.4395666581661496,Social,4.364215257126293,3,1.0
5,0.1295649832261728,0.235495825966382,Organic,5.084662935600857,1,1.0
5,2.6511424487611697,0.2603724733628907,Referral,5.333400328035724,0,1.0
5,0.9629832374316678,0.6490498152126072,Paid,2.723776333086632,3,1.0
7,0.0990616466258721,0.4085191715078449,Organic,0.6749569461579713,2,1.0
3,5.158650845774077,0.0921416031075753,Referral,7.881332997406414,3,1.0
2,0.96777158015791,0.4593113230301331,Paid,1.1982549209270168,2,0.7983515279836428
4,4.776983692172547,0.2516890634125989,Paid,2.7548113764857844,2,1.0
4,1.0199490249380212,0.4009433676724242,Referral,5.406629207739436,2,1.0
6,0.6482295720674528,0.1145216880256525,Social,4.687511270810281,5,1.0
3,10.941551660638412,0.3227714538826968,Direct,1.7050178758726442,0,1.0
5,1.3465837124694973,0.2662777128391451,Referral,11.770410373742282,2,1.0
5,2.7592115781335544,0.3196425422903685,Social,2.701509939450489,2,1.0
5,2.8246832599874936,0.1746929548614235,Organic,3.851562971515453,2,1.0
5,2.4661716819766144,0.239871775942142,Paid,4.027801338903854,2,1.0
3,7.384592776879437,0.2476973584143268,Organic,4.7549377688515895,0,1.0
10,3.366635380115331,0.3153574378836405,Organic,4.844595688620649,3,1.0
5,1.551200197620049,0.3961615730975109,Paid,2.2504752838510163,1,0.9639583940439638
4,5.949785427940178,0.2781340490394902,Referral,0.1024967468490154,0,1.0
4,0.5992439939271695,0.5081174420644158,Paid,4.24509885973159,3,1.0
7,2.357345428762475,0.4061619691693701,Referral,1.00831585586234,1,1.0
3,9.020402227663716,0.2238464662626145,Paid,3.474143418527762,1,1.0
6,2.945670485773179,0.2478971086728327,Paid,5.012865629276329,4,1.0
2,5.094290217670685,0.1475449790109861,Organic,3.808265525754052,1,1.0
4,3.1801431894289616,0.2170554774745974,Organic,2.404854038515773,4,1.0
4,5.485971214112843,0.2245503973993592,Organic,2.870268266957929,2,1.0
4,8.67346170271399,0.4531543781855908,Referral,10.87521452849437,2,1.0
8,0.9561634266816345,0.1429454426656257,Organic,3.3205655366677083,1,1.0
5,0.5577639771078121,0.2768501626172008,Organic,1.0123783065646883,2,1.0
8,1.984891763847318,0.2326909713470265,Referral,1.4193554881997312,0,1.0
5,3.630600732162897,0.3218401099911595,Paid,6.435719679719504,1,1.0
7,0.7731710334056614,0.323819472218547,Paid,0.850059168760617,7,1.0
8,0.0123296533410498,0.2537494223050182,Organic,1.9567633132697824,4,1.0
3,1.2599175214031608,0.1861071842061517,Paid,4.600349270829492,2,1.0
4,10.407722317967677,0.6371709939400263,Social,3.230278393586456,0,1.0
6,3.5620104645813653,0.2608690962846379,Social,3.2525206830203324,4,1.0
4,1.5391114218091104,0.657824952020811,Referral,7.505771372074421,2,1.0
4,0.6417193995793353,0.3394171477614001,Organic,0.442690358641878,2,0.7280974498036679
6,1.3205874226021508,0.2014968299495101,Referral,4.71029677968767,1,1.0
2,0.5584084291420776,0.2157978363746436,Organic,9.481496265217338,3,1.0
4,0.3371749330126727,0.105208316842516,Organic,2.6292276378688078,3,1.0
2,7.117168285004063,0.3671610740184466,Organic,2.486024479708419,1,1.0
8,18.160451852270345,0.0467681827736806,Social,4.172996058069248,2,1.0
7,0.5377906942089077,0.329165577285202,Referral,3.188451160407148,1,1.0
2,0.1681957511196291,0.1464566122938103,Referral,5.286395629836016,0,1.0
5,1.200228943475778,0.2984945195173078,Referral,2.885891878746404,4,1.0
6,1.857790279151472,0.2979023107648042,Organic,3.578461975041217,1,1.0
7,0.6875650294695379,0.1552929640781339,Paid,0.9069009921692188,4,1.0
7,1.0761378205442549,0.1984549297684396,Referral,3.499397754210192,3,1.0
7,0.6726976910626894,0.4823176149293288,Referral,3.0685801185004933,1,0.6732597014944935
6,4.465121707627729,0.5043481115427707,Social,9.330936060862587,3,1.0
5,3.740410687343573,0.2796260039222932,Organic,5.779129043000279,1,1.0
5,3.023175302069043,0.3883170709045722,Social,4.013596729358284,0,1.0
8,1.4692374033679294,0.5820596108095488,Paid,4.59722819471983,2,1.0
7,7.192037334764249,0.2699882029916871,Referral,3.2527130177288006,0,1.0
4,10.473288301572392,0.1146796900847866,Paid,3.100182589977013,3,1.0
5,0.5721717997468876,0.5129802201867831,Direct,5.281506723271513,2,1.0
8,0.7569935947805884,0.1223749540370991,Organic,1.872851029204593,2,1.0
5,2.237309514480409,0.13193792822058,Referral,2.1384498644515704,2,1.0
2,0.2870576297399729,0.3901181300798986,Paid,0.650606254558485,4,0.5457149976799973
3,1.7204891311950972,0.1345764524904362,Organic,2.6458811049282445,0,0.8119214782667812
7,2.6153238136166,0.0671741332131045,Organic,3.2206689607432297,0,1.0
3,2.2148954185499536,0.2202787680475754,Social,4.280505960028006,2,1.0
8,1.2055037432136837,0.1108866391265293,Organic,1.0304380658620484,3,1.0
1,2.345579833860463,0.4249035159353122,Organic,3.4368864039875846,3,1.0
5,9.568020553552232,0.3424955183354964,Direct,5.221372646999953,1,1.0
3,0.6920812132130435,0.5602716235345413,Referral,1.481409147710582,1,0.9499333900576156
5,3.19116649539977,0.3486290499943658,Organic,7.746799377540058,0,1.0
5,0.1330994757452376,0.2740596645073301,Paid,2.1744932911487864,2,1.0
2,0.2061743081217886,0.6604173955309609,Paid,13.232337543027482,2,1.0
7,2.407736075953667,0.2489386030417552,Social,8.90209301899505,4,1.0
2,0.3325908242258265,0.0807760896825606,Referral,2.062910999240734,3,0.8543312905822645
4,0.0678007836675557,0.4019710464040092,Social,6.455193015115096,0,1.0
5,0.5644623912227609,0.2410755988150128,Organic,6.719267261321979,2,1.0
4,2.496187723971757,0.2909169666924556,Referral,2.5590962585576644,2,1.0
4,3.645515383931097,0.1487531233009969,Organic,4.180110232514984,1,1.0
5,0.6787396975943406,0.1836841986608527,Organic,2.238174383324349,5,1.0
4,3.3102061587630187,0.2447353866690475,Referral,1.339127131483697,0,1.0
4,0.6044262715381051,0.0981240116291058,Organic,7.968969534138303,0,1.0
5,2.8515397980062964,0.1972199863338999,Paid,2.979776997666765,3,1.0
7,1.5928792854859526,0.2674938589803587,Social,4.330395961843382,2,1.0
6,3.1822116568480263,0.4121725826309859,Organic,7.607891075399051,3,1.0
6,15.926771740415504,0.1070391300000688,Organic,6.859443089780193,3,1.0
8,8.33301920812779,0.1851987388260235,Referral,2.4467876203579486,1,1.0
5,0.0128728524359084,0.1238344448806978,Direct,1.8906092468763869,4,0.7727292019889964
2,6.499937369653226,0.2744389337612435,Referral,0.4047934968683556,4,1.0
4,0.2064133664911121,0.1819821045937318,Paid,6.306514257359112,0,1.0
6,9.175798091162696,0.1153339109908146,Organic,3.220545763646161,3,1.0
3,0.9931288578978288,0.3552349807529592,Organic,1.17510660337977,5,1.0
3,1.4439695490045374,0.3924375672430417,Referral,3.1101065597609128,2,1.0
5,0.2883375818769053,0.2654057645140849,Organic,9.132775394151604,0,1.0
5,0.3572722303609549,0.8372789670982311,Social,9.323700647889902,1,1.0
6,3.892000873623102,0.3220824275957473,Paid,0.957236745879176,1,0.9333454315028666
2,8.66506211499394,0.1213966782345111,Paid,1.853071683213492,3,1.0
6,2.830588805245083,0.3795624011830627,Social,9.508342454849432,1,1.0
4,3.774759197646052,0.2656786490856274,Social,2.309578139816675,0,1.0
3,4.306072469546409,0.2850878195525018,Referral,2.3699305851753545,2,1.0
4,0.9147462497295532,0.4885638818361327,Direct,0.6418503893183621,2,0.8123230595071986
2,0.1388532559193805,0.1629709534006467,Direct,2.9289846650388487,0,1.0
6,0.0056234990894558,0.0650513626063424,Direct,6.650157150739718,2,1.0
8,1.295346936524196,0.1714341502680031,Social,0.6353830897714244,3,1.0
5,0.8290959601958545,0.2868965943901216,Referral,1.3690577088126716,0,0.9127638120046248
6,0.1930323402653214,0.1324254541141408,Referral,7.420902774574396,1,1.0
5,0.593627553185843,0.3903570577810594,Organic,5.226329680314015,2,1.0
5,0.3988766065612935,0.3611420070943642,Organic,2.136764719363637,1,1.0
6,7.391022686603473,0.1390914452300858,Organic,15.11562813900987,0,1.0
4,0.4534009540217553,0.2624742448377101,Organic,5.131584712214298,1,1.0
4,2.3142893303364653,0.6694890729676181,Paid,9.482551429290195,1,1.0
5,2.697607378208137,0.4206526842392448,Organic,3.317982820838953,2,1.0
5,2.3524304564275127,0.2332719926070819,Direct,1.988241410263724,1,1.0
4,0.3129379752760352,0.3349952134730175,Social,2.7098624527382515,5,1.0
4,1.1516907757504584,0.1765512890428144,Organic,0.8795692725495569,3,1.0
7,0.1578941438794273,0.1986016881697558,Organic,6.142262985453344,1,1.0
5,1.510904191450319,0.8022572727777446,Social,2.6081878844526334,2,1.0
4,0.6269784332082312,0.0684040135876496,Social,3.942621233011183,3,1.0
3,2.47409326570813,0.3498619563283199,Direct,2.251743353465984,2,1.0
9,3.540850805428382,0.3265002536543597,Direct,3.8660646362749658,3,1.0
6,2.278629382245516,0.3072081018768094,Direct,0.5650352933988542,3,1.0
6,1.7087384404154853,0.3014685006534792,Paid,4.281419172824501,3,1.0
4,1.4698032227730966,0.5406330825434965,Organic,1.3876940514165832,2,0.829870487056174
7,5.529633934599479,0.2124949419862324,Social,2.5135525049785223,1,1.0
6,0.7429545429547282,0.3351917852242061,Organic,2.22382933077313,2,1.0
6,3.975240397675438,0.0157496476391412,Social,4.135313164086307,0,1.0
2,4.250042050773492,0.1416490063719018,Paid,0.8462770063357504,2,1.0
6,1.6300464839700992,0.3021869407952687,Social,2.2048240307926585,2,1.0
4,1.0584782205954224,0.1246435929296445,Organic,7.48681021234466,1,1.0
7,1.9077013994495915,0.3504420894002293,Paid,1.1591949069823952,2,1.0
8,0.293546152946259,0.3577999935066974,Paid,0.7604464608256516,2,1.0
6,0.1410548062327919,0.3403555418307091,Direct,1.88778592987244,2,1.0
3,0.3550103649974344,0.2422360381030474,Organic,1.6290486586855275,4,1.0
4,0.6216077274907325,0.2274682833882913,Direct,10.701881014193836,2,1.0
5,2.104607725298492,0.0551352677483906,Social,5.552082709406462,3,1.0
3,5.6741421811595085,0.2938341582296436,Referral,0.7069602714847966,1,1.0
5,0.8061583425948793,0.3672433917064304,Social,2.718768738666579,3,1.0
8,8.20759078048755,0.3005060925855257,Referral,3.898192482349903,1,1.0
8,9.2971452367924,0.3386426942721459,Organic,2.609908537990695,2,1.0
5,9.575577611358677,0.0572501969317001,Organic,0.3111818810332261,0,1.0
5,5.452390233897376,0.4196535500650654,Social,4.54731004278125,2,1.0
8,1.3568449811635046,0.1610205601721828,Referral,1.1190872957274265,2,1.0
5,0.2263823728717604,0.2173940599190213,Organic,0.4777169693019915,0,0.964732246007231
4,2.523680104043567,0.5042308604433876,Referral,0.5612434233861368,2,1.0
3,2.453964944866007,0.3210093005692513,Paid,2.4182896366073687,0,0.9136635951821276
7,5.690875335994204,0.6080117777175943,Organic,3.524968989875394,2,1.0
4,16.557678460007878,0.2070175604007096,Paid,0.5426622890887459,5,1.0
4,2.128789027184282,0.2956884175138657,Organic,2.387569745326745,1,1.0
5,1.270294768929168,0.3168090943741579,Organic,1.4770532905622755,2,0.810643693972223
3,0.6170225183853382,0.2220046802721176,Paid,5.813268149103353,3,1.0
5,0.0144341429090279,0.1009998962687653,Paid,1.9516136029889284,2,0.8098977140906056
4,2.1346281927919284,0.1614627477115006,Organic,6.107592917611759,1,1.0
6,2.432541659224416,0.0685013337887341,Paid,4.301921278718535,1,1.0
5,5.227853468805348,0.1784199884902782,Organic,1.3087181739186482,1,1.0
5,2.1070298132020366,0.1796988776021266,Organic,2.897928436520542,0,1.0
2,7.447588983174245,0.361702220003572,Organic,2.342613178806359,3,1.0
5,2.967257547827637,0.6615558730241772,Organic,6.364394922400673,0,1.0
3,5.504055491568884,0.3352868935936405,Organic,4.676892312239093,1,1.0
3,0.4815688911411418,0.1118333774912946,Social,3.2588878716714285,0,1.0
5,5.800027102871136,0.5100263914984448,Paid,2.933994079972493,2,1.0
4,3.3731184710986577,0.3118396313662027,Organic,2.6624425597404784,2,1.0
3,0.5598311387592223,0.0476352988791528,Organic,2.5046700407786093,1,1.0
4,0.6312875111632612,0.8356463406957158,Organic,4.169422851808252,2,1.0
2,7.831434885507517,0.3281782475956021,Social,14.31739623068223,1,1.0
6,0.0982370887859015,0.3508539698130499,Organic,4.005218876457898,4,1.0
7,1.8626745956289623,0.1194518541152247,Organic,3.304762885968683,1,1.0
3,1.1283391804576637,0.3121394049482656,Paid,4.348363047854984,1,1.0
5,3.2815678141621163,0.4023766442761602,Paid,0.4840764903275931,3,1.0
4,5.490803443818093,0.3747597849352702,Organic,2.553475185048819,3,1.0
6,1.3406342764814272,0.1562119886301541,Referral,6.853153621322997,4,1.0
6,1.6700960987781608,0.2620441232654428,Organic,1.86616516936267,2,1.0
2,12.038479178660271,0.3919373449347985,Organic,5.92960284156021,1,1.0
2,4.59627125015464,0.2691007051641295,Referral,3.22595097923454,2,1.0
5,6.825030332789617,0.3122577024598398,Referral,3.2890016037059806,4,1.0
2,1.7328318424568114,0.0642045246369985,Referral,1.1637647836777023,0,0.7768962189866883
7,0.8000177915948752,0.1034700255904508,Organic,3.494912155879166,1,1.0
4,1.5923884689433088,0.268906318977188,Paid,2.968230716684575,1,1.0
5,3.777314242633844,0.0927924459391616,Organic,1.9469975053321709,2,0.9396567747386446
7,0.3476820791964643,0.4582538499180769,Referral,8.755762237949074,2,1.0
5,0.9460606855075686,0.1662928695049379,Paid,10.127615269156,4,1.0
7,0.1432751763419972,0.1979112379610008,Organic,1.4790025863192158,2,1.0
1,1.6987387893761436,0.2847139856328618,Referral,1.870749494756276,1,1.0
3,5.271130553842595,0.2068919437434182,Referral,7.049401948043789,1,1.0
4,0.074918797145263,0.1689000548535744,Organic,1.9179387618084704,2,0.6918459227971696
9,3.374778178673433,0.4660554887933858,Social,4.124200192326959,1,1.0
4,8.086699693968997,0.3463164516408418,Social,2.403570356656661,5,1.0
5,0.8112081189298619,0.5714605173700718,Organic,2.8552948389416057,2,0.9176077506197272
6,3.5489326725833976,0.7478433136830575,Direct,1.8994786674418995,2,1.0
6,11.078891483495628,0.3240607013527457,Paid,5.14833925660167,1,1.0
3,9.832540184939797,0.4236487579452381,Referral,12.910643072643325,3,1.0
3,0.8033606739210059,0.2395300658937786,Social,3.26884104428905,1,1.0
5,0.3171852606861381,0.3772970187601993,Paid,4.05134011511088,2,0.8587436325792666
7,0.4815012731961233,0.4430871516857213,Organic,3.550982152625177,0,0.7544107532554712
6,3.632344477600779,0.1547171182225173,Direct,0.5481831200302683,0,1.0
6,3.881242628963293,0.1475641556982986,Organic,2.2162157060547467,4,1.0
4,3.3647514305774315,0.0823890909793629,Organic,1.4354767458859128,0,1.0
7,1.2287735709098302,0.2950477815330686,Organic,5.228405557710239,0,1.0
4,0.5581826010546115,0.1833748569152285,Social,1.7725755206913234,1,1.0
8,2.607943005848862,0.420645196918643,Direct,6.731328388705737,2,1.0
5,1.9830882420458695,0.6835158674623917,Organic,1.241532296397918,3,0.6147526092832049
5,3.915073926183937,0.2736512907448039,Social,5.786985519188947,1,1.0
4,1.7467504838894243,0.0586565458361453,Organic,1.2091920868959567,2,1.0
5,1.2403694891784958,0.4521842124784854,Direct,3.969853287135558,4,1.0
2,1.0422052653234024,0.2445980507303624,Paid,1.690752646540538,2,0.8178981980534461
3,0.7127556967795837,0.1970557930304144,Organic,1.792477550843069,1,1.0
7,0.9267023205635584,0.1762143927133713,Organic,11.733662255862445,1,1.0
5,0.2988989773161575,0.0705336284426331,Organic,1.5094529683214597,1,1.0
6,1.277877603398641,0.4509307936081026,Organic,3.28865756588778,2,1.0
7,0.1117657523938769,0.5584900245986394,Social,6.284192002045351,2,1.0
2,0.6189103620507534,0.3443923020571715,Organic,0.6126895746712862,1,0.910942165739014
7,4.120376604338437,0.3590975675458069,Direct,4.481664644327452,0,1.0
5,1.1812128828992028,0.0677092883671749,Referral,10.044529734098324,2,1.0
5,3.310003414729646,0.0951292813500719,Referral,1.326423896320465,2,1.0
7,3.7856975746818087,0.3781854329161023,Organic,2.534594122234247,2,1.0
6,2.6109804070389058,0.0995636887899269,Social,2.2140891076089155,2,1.0
5,9.560514276064106,0.4323604302683926,Referral,6.540693358199853,2,1.0
0,0.0650191181470897,0.5051580352044964,Social,2.8178613729076805,1,0.924239964629372
7,4.025714747353489,0.490202043398011,Direct,6.301324711592588,1,1.0
5,9.56697869687016,0.2307833403907994,Organic,9.312487542044984,3,1.0
5,5.947417764723193,0.4722422448794106,Organic,9.936690386046177,1,1.0
6,0.5513816108452364,0.5156776856857131,Social,10.579070562943803,2,1.0
8,1.1872289426791447,0.2301434916524998,Social,1.766376395608885,2,1.0
4,0.5678639216381699,0.0953981267879985,Paid,8.782301275563889,2,1.0
6,2.7587010075875846,0.4721303202002067,Organic,5.357172590197527,5,1.0
4,3.736343181492213,0.1865633205472845,Referral,4.90471428226748,0,1.0
1,1.14410529929047,0.2270604238035458,Organic,3.729052233102616,2,1.0
3,2.326370097425279,0.4369833795568051,Organic,3.631839260832269,4,1.0
4,3.522470940994607,0.4866739975727978,Paid,3.026816281269543,1,1.0
5,1.6411196289409518,0.1583346691060742,Organic,2.733947021936768,2,1.0
4,5.772765107743217,0.4483959470295451,Paid,2.8243029085067195,1,1.0
5,4.4293128831198345,0.4025635960503408,Direct,1.2342000648355915,1,1.0
2,0.2005533196310915,0.2781513833535599,Social,7.022030425009571,1,1.0
2,2.9116491990681115,0.1956025739313416,Direct,0.9635596760893688,0,1.0
5,0.8049152776221846,0.2381719705552686,Social,10.927631089700876,0,1.0
5,2.4460682744108158,0.3480129793633943,Organic,0.7678403798899598,2,1.0
5,9.431892496354449,0.1765511195152702,Social,1.934807411971304,0,1.0
6,6.337431897122542,0.4303798527861922,Direct,4.515793752941455,2,1.0
4,1.5551443070391815,0.5783375802973423,Direct,2.9347272097676647,1,1.0
9,1.033874340485288,0.0858983027454422,Referral,4.813367891143243,0,1.0
7,0.8013088260513754,0.1361247410866739,Organic,2.3037416759811364,6,1.0
2,2.2811632131751978,0.2049759562802913,Organic,2.3466012847383926,0,1.0
3,0.3639563669608332,0.1382198091528431,Organic,2.433803069055085,2,1.0
4,2.3906936987627807,0.3321920924669401,Direct,4.588821761846644,2,1.0
6,0.0040035887381918,0.3439510723016686,Paid,3.686212336677439,2,0.996212266862994
7,1.1740193638504166,0.2409642946099752,Social,3.8801861373947375,1,1.0
4,0.7451314494195063,0.1811353346733492,Paid,15.102294631329212,2,1.0
5,10.644097601875805,0.2271522743655619,Referral,0.5220965922962001,1,1.0
5,3.897514486305838,0.1538536219532946,Organic,2.4391818528811617,2,0.7609362013659745
3,1.2907493921944666,0.6773951195928877,Organic,1.1133995467357432,2,0.9950014739712998
3,0.2923261374010322,0.2418104019020792,Paid,3.659212315027908,3,1.0
7,2.1819775892885893,0.3165915022980755,Referral,5.5243525050092765,1,1.0
3,0.7202888762644948,0.58390050966506,Organic,1.7117381108976697,2,0.7869441396321126
8,2.306390702980375,0.1124434837107532,Social,0.3604815855279716,1,1.0
8,5.4120249178415945,0.1679255773443427,Organic,5.393053390193787,2,1.0
5,2.869717930088604,0.1007255479065471,Social,1.330639293881393,3,1.0
5,3.013632071804409,0.4517853294675759,Organic,1.7657096738493798,3,1.0
3,2.336313181027728,0.3242279871089267,Referral,1.681716632465031,0,0.9568876109070572
3,7.862823832656829,0.0555446111031852,Organic,2.182729277092736,5,1.0
6,8.060452456225079,0.395741964980611,Social,2.725361320440092,4,1.0
5,2.1567688252344044,0.1480141611999115,Paid,2.9853952945805315,0,0.8374902535442171
4,1.0948104546046,0.448942990409189,Referral,1.497354758586835,2,0.9900040296560376
6,1.846264883431057,0.3438125587604501,Direct,1.8981466242847396,3,1.0
3,0.6194416313652019,0.289642249645499,Organic,0.562234198285508,1,0.6556589088957945
12,3.0346433406441804,0.4216928369400249,Organic,4.644506566110316,5,1.0
1,2.079995607534914,0.2490942202363014,Social,4.534433228061238,3,1.0
6,0.3271033616451964,0.0438088410978835,Referral,1.2309343239794128,1,0.940200378715712
1,0.6606227755910992,0.3656720817185059,Organic,6.359250967319453,1,1.0
6,1.959656823668951,0.0407057530876546,Paid,2.274324331746128,2,1.0
1,6.556780196933868,0.5033577371120517,Organic,1.7033384198252075,4,1.0
4,2.5068342849814638,0.1677711094837603,Organic,0.8592429946865676,2,1.0
3,3.4327281023183427,0.2967875140791446,Paid,1.019603097065098,1,0.8197561248115603
3,1.2421338954268324,0.4163026945471212,Social,1.6714623908373585,2,1.0
5,2.541773334881144,0.2251500478767199,Paid,7.299627659882795,3,1.0
5,1.779253060968319,0.012382384469622,Paid,1.6685116255208092,1,1.0
5,3.228761549168061,0.2089674824628791,Social,4.847360579203581,2,1.0
9,0.1556980110745014,0.1332869611222329,Organic,3.815694544614404,5,1.0
3,2.039509779779121,0.2876993968359074,Referral,6.428263833331518,0,1.0
3,1.052899341693569,0.2262996999925566,Social,0.2033248968892389,2,0.8962911947819444
6,1.1843993322013997,0.1946865868195658,Organic,1.1511365615964662,0,1.0
6,9.726236193891973,0.2342358233979393,Organic,4.680635891496681,0,1.0
3,0.6052281228608059,0.3580921402111702,Direct,6.360849381334717,0,1.0
7,1.1186100771927698,0.2820925749588885,Direct,7.12549180030145,2,1.0
4,2.139392036109747,0.1910275216730171,Organic,2.424129647985642,1,0.9123934773248018
1,5.96391322297327,0.5540175008953023,Organic,1.722790675067503,3,1.0
7,1.617007073025136,0.1209091102148824,Organic,8.531933773316299,2,1.0
7,4.086155179173416,0.7390119756654701,Organic,2.8580660160830886,2,1.0
2,5.821629792254448,0.2068236699424095,Paid,0.8828201756330647,2,1.0
5,1.1132621572842436,0.5619959167253512,Referral,3.5600708166697523,5,1.0
6,1.496445040036845,0.2930229626461907,Social,2.4478074759787143,4,1.0
9,1.3227618823864868,0.0655851972752839,Organic,1.6784324965003932,4,1.0
3,5.366695252949061,0.4526058123947206,Social,2.8884331116002824,1,1.0
4,0.1360807742382769,0.205132420797159,Organic,2.4621337499671374,0,1.0
10,1.1063340553493202,0.6613166836724513,Organic,0.8467280798856854,2,1.0
4,3.412763194798189,0.5524521831284716,Paid,3.388930481643285,7,1.0
4,2.500287921623323,0.3037639749373839,Organic,1.3812905827281048,1,0.992346003290011
4,1.7196426225945356,0.0938073048890026,Organic,2.712644298392332,1,1.0
7,2.329248738940466,0.2711101808385197,Social,9.283642653006092,2,1.0
8,0.6603864973037205,0.100182510876229,Organic,7.425619510630831,1,1.0
6,1.6901308200677252,0.2862974889687096,Referral,9.47916263127943,1,1.0
6,2.0896768872811124,0.6420820209881531,Organic,6.617410058039086,0,1.0
3,6.9436427358449615,0.1267574390322247,Organic,1.72448913780601,1,1.0
5,0.9067029855432404,0.1698565638657041,Paid,14.687158476722022,0,1.0
6,6.070964920909029,0.5260180521028018,Social,1.124477642264944,2,1.0
2,3.100508611039278,0.2542509880829962,Paid,6.413697235674583,6,1.0
8,0.0616516638391507,0.256233421516726,Referral,1.023664455704276,1,1.0
5,3.8689334580452366,0.2379954493304886,Direct,1.599033104170741,7,1.0
4,0.1085977052100665,0.1623247663756707,Social,5.62003522232436,1,1.0
4,17.835033405986394,0.2984590704673595,Organic,3.479428988541112,2,1.0
2,6.182134649323459,0.1792015126391795,Referral,1.4273274998083525,1,1.0
5,1.0586624372283606,0.0786200932650463,Paid,3.268851622501353,4,1.0
5,0.8928385804824424,0.3479351334325966,Referral,3.433190141607948,3,1.0
4,1.4410884970753164,0.3255449884555756,Paid,3.2779695590943043,2,0.8952300080605784
2,1.320947548208543,0.2844983505700836,Organic,8.601250181068021,1,1.0
4,1.397259553842081,0.2556968613242021,Paid,1.2476349169269036,3,1.0
4,1.1493935886508264,0.26633942951519,Paid,2.3642378708266687,3,1.0
1,2.9117133984794377,0.4742293303445233,Paid,0.4607684199381051,2,0.8504982642113341
8,0.5383263086042183,0.0652839611137313,Social,3.3042618664347274,2,1.0
4,5.612043618969078,0.071460782658786,Social,5.586321743202042,3,1.0
10,5.020369450808308,0.662333806331937,Paid,6.476396367324183,4,1.0
6,1.9415585175022168,0.705605529667993,Paid,0.8712852644302304,3,1.0
3,5.746462219430339,0.3025653107719939,Paid,3.86805356356203,3,1.0
6,0.8516481774766119,0.4885091785489321,Paid,7.265225481349644,4,1.0
4,0.0531646771190479,0.1983764035245016,Direct,1.7033003317895687,3,0.8627572349486163
3,2.8965053634281586,0.5307383102920988,Referral,17.41481752805839,2,1.0
2,1.8369664370647167,0.107628586384801,Organic,4.487307677932563,2,1.0
3,2.5121929132307628,0.2876868338866954,Paid,0.2306165084993108,3,0.9610833737156674
5,6.88800271975269,0.1968201775138311,Referral,2.6475816011959377,2,1.0
3,10.5122402654702,0.0194086038080518,Referral,2.3345523692429104,1,1.0
4,3.019082398221969,0.0839651826797026,Paid,2.8871729012472165,2,1.0
3,4.332477155775103,0.2107607716364202,Organic,8.417025190807214,1,1.0
6,0.2625894072773497,0.2167224631778774,Organic,4.588564580559299,0,1.0
5,0.5256169109463756,0.2845115689523625,Organic,0.9906344213214816,1,0.6592145399036793
5,3.963821924015161,0.5150466681302694,Paid,3.882473911002425,1,1.0
4,1.6935519887008676,0.1508287275149697,Organic,6.184212508098955,2,1.0
4,1.7715837161970067,0.2058098847137943,Social,0.3548579113335109,5,1.0
6,1.1071435854562544,0.3645010003101652,Organic,1.5765122580413171,1,1.0
4,2.8045587201538265,0.2249702878312404,Direct,5.1962178219969015,2,1.0
6,0.6143090878868012,0.3138670790610978,Organic,10.377110617016976,1,1.0
4,2.9578572968471715,0.2402896107917307,Organic,0.943752359324797,4,1.0
5,0.5727510622255578,0.5426479264935695,Paid,5.640220446501048,0,1.0
5,0.1978618782647114,0.407785534243156,Organic,8.484251038911749,1,1.0
4,1.2030347186491424,0.4030541224014832,Direct,1.9535596792330527,3,0.6757798654742352
5,0.7885404764824167,0.0765522002896408,Organic,6.023603797698517,1,1.0
3,6.5944492565565245,0.1544728749176861,Paid,2.360066543726775,1,1.0
4,0.1695632926077468,0.5106042177478434,Direct,3.041126564913312,2,0.9977933453285244
6,0.5829893972847833,0.3135309380567704,Organic,4.166487035905577,0,0.9456330170297726
6,2.386999246664158,0.3177155942088031,Organic,7.80593283700377,1,1.0
1,1.967942598993163,0.1096448532452332,Organic,12.521117904087552,3,1.0
3,0.1408095076667976,0.0618387928429623,Paid,2.197346548243608,3,1.0
4,0.0218365641617276,0.6870865383200422,Organic,1.3190199810816592,3,1.0
6,13.285579644621585,0.2362167704602025,Paid,7.591993092889191,1,1.0
4,3.226164508412895,0.575649977435688,Social,5.676443680554118,3,1.0
3,1.3643101827854751,0.5729125640366256,Social,4.511488882650704,0,1.0
14,1.9070825004481309,0.3004520136630768,Organic,6.34324151980532,3,1.0
5,0.9299880428342916,0.092456806194034,Organic,2.394139859596154,3,1.0
4,1.268782095776736,0.1854613291349062,Organic,4.548935075288218,1,1.0
5,3.14128725274687,0.474387353596419,Paid,8.903024232545148,1,1.0
5,6.431922239510606,0.1879594228917722,Organic,1.9725733484700592,4,1.0
7,0.610500836176719,0.6371248884993507,Social,6.041680912019691,0,1.0
7,5.504530286164583,0.0783209507094607,Referral,2.643504564858561,4,1.0
7,0.3888115051072854,0.5542060655435206,Organic,7.376043055535941,1,1.0
2,0.7261849649759063,0.2332265033651484,Referral,8.371822949585,3,1.0
5,0.1136517199470545,0.3334369665749913,Organic,3.1108845210161333,1,1.0
3,0.4553020838910045,0.3927056128765653,Organic,4.068826379441518,2,1.0
7,7.477721136922904,0.3151838172668562,Organic,1.6982351752908968,1,1.0
2,1.845441963205136,0.105165436941193,Organic,4.845056915367421,1,1.0
6,0.242543145595146,0.4395270008078516,Referral,0.9104257264314902,2,0.760157061266079
4,9.636209964536,0.4562031543095748,Paid,4.79526608877589,2,1.0
8,6.335703489490392,0.3311546706787992,Organic,5.392066413406011,1,1.0
5,4.21560622234011,0.0732454673649177,Direct,3.9015868325531367,1,1.0
1,8.13043281405306,0.2981402310887979,Paid,1.831149390129782,4,1.0
2,0.7458818916415487,0.1974872822960137,Organic,8.257151213528589,1,1.0
3,5.430429530666173,0.0907034170334218,Organic,1.8167727238923048,2,0.9639403574919836
6,3.5134637491473244,0.1666570415999732,Paid,9.279143822104464,2,1.0
8,6.115111844476955,0.5766075948882953,Direct,3.8283950534416378,0,1.0
4,4.782341274200008,0.2962146430019843,Paid,12.643076416326178,2,1.0
3,1.2762155745346326,0.3787744073165866,Direct,6.601897042146625,0,1.0
6,4.466955823580007,0.3581344015832818,Paid,1.901822357887955,1,1.0
6,0.9132898270002184,0.2338006441848033,Paid,5.391418658793872,2,1.0
8,1.1951355657652354,0.157955825067695,Paid,6.203610171675579,3,1.0
6,0.3425503614218003,0.2122361230193144,Referral,4.1230497484823925,0,1.0
6,8.203642235100741,0.3835798217627726,Organic,3.380418386687311,1,1.0
5,1.031713488978771,0.628048222826934,Social,8.583998403381626,2,1.0
4,2.2058004572899814,0.0853499866673062,Organic,1.6715457228033068,0,1.0
5,1.4894510705251878,0.1671428340138016,Paid,3.741516407358979,3,1.0
5,9.651241356307136,0.3279909136806695,Paid,24.79618220493364,1,1.0
6,1.2241265469628455,0.2810327137655432,Referral,3.826139460354944,3,1.0
11,4.522618738868074,0.489624796596011,Organic,3.740790718900737,4,1.0
8,5.801687084818901,0.3049649578699388,Paid,0.9892157441300258,3,1.0
7,1.7160107137841747,0.4073348072149945,Paid,8.276178829153926,1,1.0
7,1.4252743602756803,0.4958340970014335,Referral,7.546159835019941,3,1.0
4,4.131954158161949,0.3538928329334644,Social,2.6668871448695533,1,1.0
8,7.321956737574932,0.4460308801519443,Referral,8.515249984533726,1,1.0
6,4.218655400186981,0.5937496116679046,Organic,2.4431957433890834,1,1.0
2,0.7729191540111231,0.2036737652274065,Direct,2.632906763503481,3,1.0
4,6.576023803941975,0.394003186357886,Social,3.789932687101091,0,1.0
0,1.4710190401315488,0.058217436172916,Organic,1.8384537466761,2,1.0
6,2.575689107078824,0.1653648524397626,Organic,2.1329603829433568,0,1.0
0,5.341312562445948,0.4307825115091405,Organic,5.685453474847222,3,1.0
7,0.6262236713616149,0.5096899456686428,Paid,0.9752974230062604,5,1.0
9,4.604524211552839,0.1075513141702845,Social,3.8198289160750103,2,1.0
7,2.7202303420760714,0.309614510208729,Social,5.511827992883859,1,1.0
2,6.714373401072154,0.7294326892820374,Social,5.038768765585354,3,1.0
4,0.5661191360100037,0.4224424051578516,Organic,8.249008601117094,2,1.0
8,1.637712415653973,0.0593111403209324,Paid,1.1148926292494974,2,0.9351724813878286
5,5.366467032022245,0.419771962450027,Organic,0.5743626922341379,2,1.0
5,0.0582571152051086,0.1145723400763269,Organic,2.0673674607095287,3,1.0
6,0.3570309782418586,0.2631177365705932,Referral,10.584897577866377,4,1.0
2,13.990054950447842,0.1780234663491808,Organic,3.009681920933037,1,1.0
4,0.9871550614589282,0.1171275697623897,Referral,5.749865463566411,1,1.0
7,11.13254017950612,0.1718719432560785,Referral,5.516488536950479,3,1.0
3,0.6046289143846165,0.2281816755576982,Social,1.9981914385669668,0,0.7778583610182208
6,1.3439959009841047,0.3282831774911412,Organic,1.1278009020755353,3,1.0
2,4.193515551697314,0.3082050553316342,Social,2.3127003077728947,1,1.0
8,3.2168904590543024,0.4217352408338552,Direct,4.71143982886105,0,1.0
10,2.6105295770166035,0.3872092913479098,Social,3.636124874968227,1,1.0
5,2.264424263160752,0.3419810914439518,Social,3.948249044666977,0,1.0
4,5.562956369191039,0.050795160733709,Referral,1.781472508843364,0,1.0
4,0.8034366278690961,0.2963729630085041,Paid,3.7458687552538175,2,1.0
8,1.752721884351058,0.1380008673109287,Referral,0.9251990053141242,2,1.0
9,0.506862155748041,0.2844594720379487,Referral,2.320585051220269,1,1.0
7,2.718587539339482,0.0987599352740863,Referral,1.135458160710006,0,1.0
7,0.8652247052174287,0.3988101667683575,Social,3.831147164911794,4,1.0
3,1.2186854877887845,0.536318331242974,Paid,3.011421330806201,1,0.9466511164984674
8,1.9117227118167992,0.0896988096573002,Organic,2.0640797592419515,3,1.0
7,0.0814063326635374,0.3157147956462242,Paid,1.619162945144896,1,0.942522352367646
2,0.2893276506200383,0.4151431533794749,Organic,2.649349858804776,0,0.8231957492181373
5,3.474410720154103,0.3451602105040186,Organic,2.1649169151492305,0,1.0
7,1.6809404926014144,0.0892443637082296,Organic,4.3986269586176245,1,1.0
6,6.002783386507312,0.2007324570297509,Organic,7.055221624123719,2,1.0
1,3.5591060469388154,0.2023701470409729,Social,5.243938106974192,1,1.0
3,0.0244017977027741,0.4347127678236454,Paid,5.6638503803543285,2,1.0
4,2.876908431387297,0.2963294927531311,Organic,0.2037292527330952,2,1.0
4,0.295237017584284,0.3919376556909998,Paid,3.402917366556527,2,0.7662275250636145
3,4.555135441775663,0.3626382567749794,Organic,3.936472859124192,1,1.0
7,14.3057820844471,0.2884979632796535,Paid,6.2977631517046895,3,1.0
9,2.2727294061366425,0.2266294024182018,Paid,6.732804565544907,1,1.0
4,3.4444744917802805,0.1585980486720385,Direct,8.139851755197022,2,1.0
3,0.8127272303387343,0.0810859101270736,Organic,2.2027195649415776,0,0.9453151782351972
4,1.726613780028451,0.0725481073520658,Referral,2.42407772231262,5,1.0
4,5.815812684191132,0.2809546308017018,Social,0.157287942559936,3,1.0
6,0.549688518452261,0.4775247925699443,Direct,1.2701279008784512,6,0.8389664422130787
3,0.9258412815959643,0.3059293590578863,Organic,4.468892583103252,1,0.7859149001318781
10,1.7687066027914922,0.3649083044637582,Paid,3.994320046314048,1,1.0
5,3.736978140842236,0.2917929114293132,Organic,4.329234917245238,1,1.0
5,1.4142568740727075,0.0410976431311409,Paid,4.279442541354959,0,1.0
3,7.882133158627658,0.2858195130022603,Organic,0.8687875398556685,4,1.0
2,0.2976617154803802,0.3153747441298517,Social,6.906662705308619,0,1.0
7,1.3899383371838503,0.5164888520788731,Organic,2.985032909930864,2,1.0
5,3.702823118362818,0.5921233069630393,Paid,3.9275040293312697,4,1.0
4,0.7684989207300814,0.2587572508247408,Paid,5.68213790849329,3,1.0
6,3.204945944852806,0.4702251064646803,Direct,11.058348523772798,2,1.0
5,0.5381586569673779,0.4482727762961522,Referral,5.494677287173793,1,1.0
4,0.1728246851229039,0.153044436552623,Organic,1.7705499980953396,2,1.0
7,0.386964785150813,0.0994166504968298,Organic,12.729921294733009,2,1.0
4,7.977128030277409,0.2420407704556773,Organic,3.4577716557492777,1,1.0
2,2.407218408740573,0.1950343200563073,Social,3.5718405745916124,2,1.0
3,4.773995103238622,0.3419346928575252,Referral,8.31431001861904,2,1.0
8,1.213342132587725,0.414676387231995,Referral,1.1400043246977525,0,0.693279713152483
5,2.694311226210596,0.2199274327759164,Organic,4.927557726629869,0,1.0
6,2.0493062083679288,0.3357550983241623,Social,6.053737949669384,5,1.0
2,8.741791094059668,0.1755208301335539,Referral,3.184078262330336,1,1.0
3,4.129918986884024,0.1337381653366152,Direct,6.014629283181566,7,1.0
3,3.934035265552134,0.0825645763016231,Paid,10.779660155282238,1,1.0
7,0.1423859385099349,0.0447184632639636,Organic,0.6972749495299193,4,0.6698786866006656
5,2.393321689901597,0.0808577347148193,Organic,1.7191678755220383,2,1.0
2,1.8876534629685475,0.2290711825324022,Organic,0.3314715196038893,0,0.7329598490317601
2,7.886702443682472,0.1796486083521887,Referral,1.0894466595483738,4,1.0
7,0.892558861281241,0.1870946795021168,Referral,2.79156234241678,2,1.0
8,0.9434478740534952,0.6215863334809325,Organic,2.4088991679305973,2,1.0
4,1.5897513812080015,0.5444302957937909,Organic,2.1618897961470918,1,1.0
4,0.8366416131670074,0.3647090111809472,Organic,8.252444718457992,0,1.0
4,0.4149734444919669,0.2629714940463741,Direct,8.433840558535106,1,1.0
3,5.843447671148733,0.2079536864853857,Organic,9.743993191075653,3,1.0
4,2.4512136405304394,0.4687999292555662,Organic,3.805517302062479,2,1.0
6,5.927682736195264,0.4695758669319198,Organic,15.046124298279992,4,1.0
5,5.335962931795419,0.2813235095242167,Paid,5.039042027403576,0,1.0
5,0.994034104894944,0.1724805114194616,Referral,4.600367402098852,0,1.0
3,2.3804771772118087,0.281209137498293,Social,4.87499122304004,3,1.0
6,0.2606557274386316,0.1913687061305699,Organic,5.03225522267861,1,1.0
4,7.404215290260312,0.0824726327008188,Referral,2.5502173046289296,4,1.0
2,1.5538665185566978,0.424134885681633,Organic,5.604855302406374,3,1.0
5,1.5010232568265192,0.2891196383289999,Direct,7.953131731000641,3,1.0
7,1.0818568652270029,0.0843498974818129,Organic,0.5693675160763675,1,0.8941810487174098
8,1.8522481569851517,0.3869141144025384,Organic,4.402427887504656,5,1.0
0,0.8700920309784871,0.0623312283296782,Paid,0.2661016717244857,1,0.4029104164772543
5,1.4093018809502398,0.1191545236774553,Organic,7.0022487001447775,1,1.0
4,4.827519571201438,0.4338827453467258,Organic,4.181728825770847,2,1.0
6,5.391923563803605,0.2573159179483303,Referral,3.584583767887317,0,1.0
4,1.0880035005713249,0.355435506700594,Referral,0.177348079906562,1,1.0
7,1.8990613028752563,0.3680074054515363,Paid,2.2587018830892145,1,1.0
2,6.210132141056381,0.5694765077434828,Referral,2.506647160614622,0,1.0
3,0.1623338841851966,0.3504124567054838,Paid,6.864425429830489,5,1.0
3,6.598595685329617,0.0369686492525529,Referral,2.814776114893542,4,1.0
5,0.7422485849127912,0.3954159349250053,Paid,3.0587088564500946,0,0.9020948460402172
6,3.404639426222216,0.318129384575081,Referral,6.552232335233322,1,1.0
9,2.620783698101101,0.3946227772966094,Organic,12.924702618341335,2,1.0
6,2.415192416299992,0.0832646232208097,Organic,3.322032000369968,3,1.0
7,5.884660329355114,0.1781749630445874,Paid,9.217138901359004,3,1.0
2,0.3213266082293147,0.3821900652014241,Paid,10.73565576744636,4,1.0
2,1.2786632052903766,0.1965437895255421,Social,0.9741486728888852,4,1.0
8,2.318212822824332,0.67632108489642,Organic,1.777829969408358,2,1.0
8,5.002613282290498,0.3969646608171041,Organic,17.13063475030514,1,1.0
8,0.731734727418668,0.1263028174325186,Organic,6.717051228805695,5,1.0
7,4.872586435467788,0.1983672125431122,Organic,1.3280715042295566,1,1.0
6,1.53066982811112,0.2756789796587884,Referral,9.695354592547986,6,1.0
2,0.6281430346806074,0.2635362445863055,Paid,11.611789485398887,3,1.0
7,4.26870625006271,0.2094198252431295,Referral,3.930401885714347,1,1.0
6,0.2858969144674226,0.3790353514965341,Paid,6.1158426784076605,1,1.0
5,2.169380585862325,0.4472599089089366,Social,4.769211238062369,2,1.0
6,0.1980213052812411,0.3486716099570477,Direct,8.854975979795666,4,1.0
4,1.322116820641447,0.3246332028900133,Referral,1.6977704031919294,1,1.0
4,2.756959077994326,0.2140029518173908,Social,2.3645493230508823,1,1.0
4,2.4365729369701423,0.0761941829509211,Paid,6.836354454855682,4,1.0
5,1.555844734485996,0.0914653347407411,Direct,6.919729680488326,0,1.0
4,1.6813503760479172,0.2683585070221044,Social,6.823329884363955,1,1.0
7,0.7715344649007121,0.4709483413919416,Direct,5.316101096811983,3,1.0
2,1.825770675934225,0.4776646918883051,Referral,7.921091470372336,2,1.0
4,9.189134682984449,0.2651121985113883,Social,9.829091758451725,0,1.0
1,5.7004320135591495,0.1694696432288574,Paid,8.989284219900535,1,1.0
6,0.470778625905912,0.6001343365217354,Organic,2.6214518851891677,2,0.9819265743943352
1,0.090699721693492,0.2757316413909128,Organic,3.1947261413585597,1,1.0
6,8.132757008794218,0.1400372950906002,Social,4.378638825966976,0,1.0
6,2.244392881136521,0.4360481021685923,Organic,1.8477994228775667,1,1.0
0,2.315518252060233,0.1904708787951109,Paid,2.7043082732260104,3,0.7157727453472013
6,4.552190060071935,0.3134410098204419,Organic,3.93421093455411,0,1.0
1,1.1336474730842303,0.066358791022269,Organic,2.759507083211605,3,1.0
4,1.9728048423011413,0.1861140449478774,Social,1.9812112510249829,3,0.9214352326029877
6,10.388858998096945,0.4617767933879262,Social,3.0909686980555846,2,1.0
7,3.345585261582235,0.1418399919692527,Paid,11.50898231648633,1,1.0
6,0.5008037524868747,0.0919844456186212,Organic,12.14598648556598,4,1.0
3,0.4289336043224916,0.398986412288364,Paid,1.688699104451941,1,0.7553711719186075
7,0.6854662783084922,0.5131673480899395,Paid,0.8168299064838521,3,1.0
6,4.36644042476126,0.2505629131477837,Organic,3.783863043595593,1,1.0
5,1.0502771292727122,0.1435613063104232,Organic,1.182876004762901,3,1.0
7,0.0648627088995444,0.3454596315038786,Paid,1.6912942887204034,2,1.0
4,8.656566239161766,0.1268053903497158,Organic,5.282715297682862,2,1.0
7,0.5579530690065038,0.1687559700101183,Referral,2.433544862937424,3,1.0
1,0.0288124763615445,0.5282452781046739,Organic,9.620062225194912,0,1.0
2,0.812009228285819,0.4350887000260784,Paid,2.1534145506872133,2,0.92064572308281
2,0.8037512282502549,0.468025828053444,Organic,4.910747190892895,3,1.0
6,1.644571484577586,0.242261699474558,Direct,12.07878624474201,2,1.0
8,7.591840347948247,0.5125427463096964,Paid,2.4235521090349783,4,1.0
6,6.340482445358551,0.1141264929089548,Organic,0.9687040892066604,5,1.0
0,1.831355364543897,0.256594314101299,Paid,1.518302521220505,3,1.0
10,1.5874775075329697,0.2369093503908767,Social,10.881303886082142,0,1.0
2,2.429104248206934,0.0482786320384488,Social,2.0005758846032644,0,1.0
5,0.8369758712447636,0.2930499230166556,Referral,1.19743527996465,1,1.0
8,0.1607878049228139,0.1433796134755025,Organic,6.731143525661993,3,1.0
5,8.401687635978469,0.4574887568477537,Referral,1.1555000149398598,1,1.0
4,0.6199619569715875,0.3430033581922763,Social,4.065204143219476,1,1.0
3,0.663439375168862,0.4939531084569966,Paid,0.9914468105088275,3,0.751203136061478
7,1.9185936314869856,0.505088919310781,Social,2.8558613082138224,3,1.0
7,2.0295389661414043,0.4116702322154775,Organic,8.286452266911303,0,1.0
3,0.0558187114533605,0.1427863899100607,Organic,2.311164955805619,2,0.9155571522082164
3,0.4803468901772865,0.2953175615710288,Social,1.0256540252642496,2,1.0
2,1.4251923649899,0.1765194168549369,Referral,3.598284794522605,3,1.0
2,3.4534835778472592,0.1527786745132888,Organic,5.483059836349947,1,1.0
7,0.7779387553318018,0.1078355005889312,Organic,3.2284102315641623,1,1.0
4,1.6498141488048312,0.2586572243091229,Social,12.396537655701664,1,1.0
1,2.4448942187506986,0.163281248311336,Organic,1.5984793946136897,1,0.972877179717996
3,6.5836817416152815,0.3459198429494133,Organic,2.579765549212802,4,1.0
10,1.183889329200972,0.4098906322198061,Organic,3.0567752896859064,2,1.0
3,0.4300812445834697,0.0558924734689939,Direct,4.489632363151732,2,1.0
6,2.015755687284732,0.2396491462671751,Direct,1.5325827153661722,4,1.0
4,4.119798019913511,0.0860048311482053,Paid,2.3826714240321434,2,1.0
5,0.3491287569736692,0.486140947680543,Paid,2.2664924668441206,1,1.0
3,1.658504821211133,0.5041799175166496,Organic,1.4595522642800909,1,1.0
7,0.0538355924256452,0.1890514034643938,Organic,3.0445577028284463,8,1.0
5,0.1024056454790357,0.1370374396492226,Social,5.415000123470226,0,1.0
2,1.9788666059937192,0.4875047904753017,Organic,0.9080014208432062,3,1.0
6,1.06230889786725,0.6058595880651009,Paid,3.442923150639443,4,1.0
3,5.595067960282556,0.2705566423215803,Referral,3.932851883568751,4,1.0
2,2.765073158128725,0.1057837185576294,Organic,3.868783639456152,2,1.0
7,1.8150405902510105,0.1305161718488307,Paid,14.63294927459158,2,1.0
6,1.5724184386212214,0.1663000952303155,Paid,3.9668552259498857,2,1.0
3,2.062959780584627,0.2507054516181164,Referral,2.818399898489538,4,1.0
5,0.1238376446282271,0.2883717881957351,Organic,2.0124814486044365,2,0.9605409733771167
7,6.698991175733553,0.3898932431202116,Organic,2.286196258129321,1,1.0
4,19.13695520129793,0.0741325662859277,Paid,1.7021136880075058,2,1.0
4,0.6007984563844184,0.2524966010872905,Direct,2.0754463163336525,2,1.0
3,0.3848059604256648,0.0772486415442892,Organic,2.480493346455538,2,1.0
6,0.4649742214884773,0.1003575958254817,Direct,2.973886741918538,0,1.0
4,3.2455049777633698,0.3106112118087031,Referral,5.001229434454121,1,1.0
5,3.24916927882742,0.2189319173306239,Social,1.8908188833044035,7,1.0
7,5.650127850547079,0.2108319667603319,Organic,1.9072077143012889,1,1.0
4,4.180880193201582,0.3008590280362011,Organic,3.739580711741079,3,1.0
3,1.7918187889082604,0.3555907210219313,Organic,3.7458362041805167,1,1.0
1,2.8468707391544887,0.173133023164827,Organic,2.2176423108980488,3,1.0
5,3.496994738079441,0.1943680640755975,Direct,1.0002404307016808,5,1.0
8,2.1568505204374686,0.3660083202931657,Organic,6.514358878806784,1,1.0
5,1.9367932685218416,0.3069233767117172,Paid,4.663702605212915,1,1.0
5,3.107736065866029,0.62069081559791,Organic,3.44139619045431,3,1.0
3,2.445771899246877,0.2065835176660292,Referral,5.819222599061567,3,1.0
3,3.0979874927934907,0.4750139044218958,Organic,0.6817504408638473,3,1.0
6,2.846866185805812,0.4034741721460309,Organic,0.5351914140485213,1,0.7765874629419064
5,3.810301074067505,0.3260622543260212,Organic,3.2569571511521382,2,1.0
7,3.0884077591452272,0.3865486476689197,Social,5.3132314837380665,4,1.0
6,2.200298497045964,0.5367704667480959,Organic,3.1828048097663726,3,1.0
8,3.435195426070961,0.0732069435711355,Organic,0.6726722620124919,4,1.0
8,1.7906866876998364,0.0247406544025248,Organic,5.318146855021451,4,1.0
8,0.8299147456644946,0.125698187079109,Direct,1.9011853259401867,2,1.0
9,0.004257680279841,0.1421260303256458,Paid,6.945976135498664,1,1.0
5,2.4626972148900124,0.4316133404095678,Referral,14.108011042582278,2,1.0
3,2.6795925339276154,0.3330582143916306,Referral,0.7182105531321398,2,1.0
4,10.731903124892863,0.375775974937213,Organic,1.369961192238238,1,1.0
5,1.3457990147346894,0.2306365414120527,Paid,2.679479766709745,2,0.8809439687459331
6,1.5032855692270144,0.1850641188515501,Organic,3.549525327313766,9,1.0
7,0.6761866855957455,0.2727026720103302,Paid,6.432024875190028,2,1.0
4,0.2194361068121791,0.1651008283661841,Paid,3.135185865753686,3,1.0
6,4.4458331017509,0.373786331768645,Paid,1.306449439461109,2,1.0
13,0.8617707458889825,0.3710301591545893,Organic,4.37844235606975,1,1.0
3,2.816413279262983,0.2188236738230642,Organic,1.3866670781172816,1,1.0
7,3.4920747163846384,0.203047372574238,Social,2.0262979872128013,1,1.0
7,1.9116431137187724,0.0951410813453507,Referral,6.911043021114837,2,1.0
2,6.270952121811131,0.2154606498982626,Organic,1.8608508042628973,2,1.0
5,1.759854185245064,0.4755601941953103,Organic,1.4242092444330543,1,1.0
2,1.006034833536777,0.4695536977191336,Social,2.131830945271105,4,1.0
4,6.790540950682209,0.2056177164123742,Social,4.829336954139073,0,1.0
3,5.932047621939029,0.0407617937031796,Direct,0.49639583558292,1,1.0
3,0.53752335187,0.3324952409553065,Organic,4.352241398969087,4,1.0
1,0.0789118617497079,0.1552645160486191,Paid,3.0746099982886776,2,1.0
7,0.2828844223617854,0.4405798604719015,Organic,1.8820089355136649,2,1.0
4,1.0129178259641525,0.3175968511782659,Referral,3.101314436793981,2,1.0
9,10.754618151307891,0.544375238193684,Organic,2.8083347801169136,4,1.0
4,2.4528415398245373,0.3620873069539175,Organic,2.6216966892982168,3,1.0
6,1.4016787828590855,0.2772548241000445,Organic,2.99850504403496,4,1.0
3,6.587011910526302,0.1096013251974792,Referral,2.8914139383915667,3,1.0
8,1.8106672275082707,0.2007485646423804,Paid,1.623742306087188,1,0.8050188940589615
6,1.1360545921244882,0.3750281634930069,Referral,2.23687957841832,1,1.0
5,8.501836802300728,0.3664380882271267,Social,4.19938863509774,4,1.0
3,5.68172875506967,0.2258154658995836,Referral,0.9044116932135212,1,1.0
11,5.567327188356073,0.1674706228311834,Paid,3.499586871912311,0,1.0
7,2.154070599847314,0.5600074306069994,Direct,1.0564995785017088,0,0.724308192707851
6,4.673931079392644,0.0608937083066035,Paid,3.3433251010980825,4,1.0
6,0.5929879896956236,0.0919026407348745,Organic,0.8511485682333982,1,0.8509434632798487
6,2.55448065289306,0.2242230043794662,Direct,1.7518109830776452,1,1.0
6,12.376748417743828,0.6789118136004499,Organic,3.782121988709344,2,1.0
5,1.0315233690702563,0.4065929190107512,Paid,2.703015402189785,3,1.0
8,4.744772731923183,0.3888117089859088,Organic,3.0675986619040114,3,1.0
6,2.0228491405808957,0.4119409938113838,Paid,1.455921495480524,2,1.0
8,0.1218588050782187,0.7265128119416652,Paid,5.576955740757885,3,1.0
13,4.319330965560516,0.3506513069658563,Organic,2.757195889952694,0,1.0
4,0.5538214200630929,0.0930903354563296,Paid,2.481733263878507,1,1.0
1,2.9947285168267523,0.4939460764817255,Social,3.170611081285497,2,1.0
4,0.2686721172880749,0.0888311628759581,Organic,0.4380682139320883,2,1.0
2,8.804893668053783,0.0704926277286747,Organic,2.783532212494478,2,1.0
7,1.0347638143693472,0.3534065536958251,Organic,3.249511184927252,3,1.0
4,0.7703518876048056,0.0925921677260216,Social,1.701099774902503,4,1.0
5,0.4148097620088201,0.1477140442177568,Referral,6.044376567290962,1,1.0
8,8.756435551897635,0.5929285899745442,Social,0.8227363065679169,2,1.0
6,3.733381881160344,0.4088574281999632,Organic,5.569229622488639,1,1.0
5,4.060446516883381,0.045547283919111,Organic,7.458477656852098,5,1.0
2,2.0758710355568213,0.1426806185190996,Organic,4.52202145339592,1,0.9421101688856262
6,1.931515939562082,0.2667859120985155,Organic,1.8086771342906247,2,1.0
5,0.3496730552116753,0.1410055430117899,Paid,3.5812297957566983,0,0.9530188483634608
6,2.461858412602427,0.3412279612135873,Direct,1.4353621606932665,2,1.0
3,0.8507374831827409,0.2885988523391083,Organic,10.345028427333103,0,1.0
6,11.335799786061996,0.2695264393998888,Direct,2.6288355832381143,3,1.0
6,4.777461278553146,0.3449886550850642,Organic,1.4829998137844356,3,1.0
4,1.5981507995059938,0.1645154325618214,Direct,0.2465172048526676,1,0.8989977252841845
7,0.4922943815283203,0.1940687898834444,Organic,3.041262154094248,4,1.0
4,4.615983574801636,0.3321122998252602,Direct,6.575329461506357,3,1.0
0,0.3905097760673062,0.7344017986658866,Organic,4.403389038967879,1,0.8536296980530632
9,0.6296965285752213,0.4702140573505587,Direct,6.029770954868768,1,1.0
1,0.7129466824594424,0.3269315023489756,Organic,11.308615978491162,2,1.0
6,2.4418160196082743,0.1741928208414322,Organic,3.1360478078961718,3,1.0
4,4.640187389482222,0.4121339453978913,Paid,2.6553216609728225,4,0.8181682851098431
5,1.1320102905583989,0.1478155536971911,Organic,12.63093005056595,4,1.0
6,0.265411260254796,0.0941177422138299,Referral,3.618283460978109,6,1.0
8,1.873878656951634,0.0702789983934929,Direct,0.9622700795345448,3,1.0
4,4.136291256320361,0.3147517168863254,Referral,1.8052086437237636,1,1.0
5,0.751790309486539,0.6441086169709259,Referral,12.237511041173702,1,1.0
10,0.7450938920820251,0.2536260710884068,Organic,4.073350324386791,3,1.0
5,8.825268302677527,0.2087256832146412,Referral,6.646094278280356,2,1.0
7,9.247384118963772,0.3387208677910513,Paid,1.3024816714910172,3,1.0
6,13.95858845739188,0.1595773034596432,Social,6.624083207859193,1,1.0
4,4.945465704710427,0.0718318290529064,Organic,2.471168427646101,3,1.0
3,0.6254453215971385,0.0716394254461654,Referral,6.812315073826588,1,1.0
5,0.7147012159105922,0.2625113645197967,Organic,9.756247089319045,1,1.0
4,1.2475703317295104,0.6343851443155609,Organic,1.7455517255003787,4,0.6408320670554989
4,1.148759902473497,0.2756614392020129,Organic,5.340906833706998,2,1.0
5,9.406897362833517,0.1790340546316495,Organic,3.7949851676971553,0,1.0
2,4.668743510286364,0.3816601101453013,Organic,2.2176168938725898,0,1.0
7,3.8621588082905793,0.1084029815551418,Organic,1.89118955613808,3,1.0
3,0.6172492041311572,0.4778770913720681,Social,3.617972662681922,0,1.0
5,7.20806367617562,0.3832139254780049,Organic,1.5379390216033113,1,1.0
6,5.2785224353980125,0.3376969161903293,Social,2.9396064724137005,1,1.0
8,0.5360950145359358,0.4068912573641517,Organic,5.624812899482439,4,1.0
5,6.1477924497557845,0.1737731195993272,Organic,0.8953311956935521,4,1.0
3,0.9533829332793458,0.2291905371585309,Paid,1.3858620102489263,4,1.0
3,0.2529822959794592,0.2068188911511772,Paid,1.7484519279369892,1,0.8525608355929679
5,3.2085207274542453,0.5269881654449234,Paid,4.476904277998059,2,1.0
7,3.1822562849391955,0.3305595208252246,Paid,6.1438513172335885,2,1.0
5,0.2992356316570227,0.164468158887286,Organic,3.5412067554648563,0,1.0
5,1.1519261654495296,0.0472596002895931,Referral,5.399914753605683,2,1.0
10,14.80705475879633,0.2313698073948104,Paid,4.221255423174029,3,1.0
2,3.403588994755947,0.3622282035755398,Organic,10.418201227906575,1,1.0
6,3.928835260709823,0.3964908477699954,Social,1.2081853352955287,3,1.0
7,0.7182658056103864,0.3675442016428511,Referral,1.1624613430030843,0,1.0
4,0.246175945715543,0.3277676586845277,Organic,0.2359087696208489,1,0.5595700460482073
11,0.9726302718154418,0.2972629739724993,Social,0.8775131032648331,2,1.0
5,0.8586429911098731,0.3435316307748962,Direct,1.75540044492271,1,1.0
4,0.8018510277802985,0.25131705588751,Paid,3.39288686823842,3,1.0
1,0.6423816695931364,0.4465343515882104,Organic,3.402744624345497,1,1.0
11,2.5652742891042517,0.1287210556657181,Direct,4.487820567298994,5,1.0
3,1.1929527966686742,0.1243410487972365,Organic,3.143577265433068,1,0.753399105930429
2,5.150151053017464,0.1671443479312873,Organic,3.315034483888156,0,1.0
7,0.6098294615448239,0.2955570530135535,Organic,4.484790205166739,0,1.0
5,1.8743751333754333,0.1591206019040371,Referral,9.45292798270648,3,1.0
1,0.0412558880922737,0.4168970815661115,Direct,7.570280229452599,0,1.0
6,1.9715008427600496,0.0606218790902417,Referral,1.0112905349166357,5,1.0
4,0.1723732539890479,0.4655086712957165,Direct,11.676196099939604,0,1.0
9,11.412670502377493,0.3535024161986225,Organic,12.68274633514804,0,1.0
4,4.690414173705171,0.535167501763182,Organic,1.0111229358382765,1,1.0
9,2.020689476388968,0.4036959779506143,Referral,2.612284940817153,2,1.0
5,0.2717026137833805,0.1709117744217246,Direct,3.8754035071453927,4,1.0
2,2.69274140289745,0.2355625103703279,Paid,4.986406656780514,1,1.0
8,4.265935614346391,0.2196119085520393,Organic,1.371588472430839,3,1.0
2,0.6348207634107421,0.4345528942257242,Organic,0.7274073949164325,3,1.0
7,2.5194362322275543,0.3236888958604796,Organic,7.321705643376877,1,1.0
9,5.049429332551725,0.0361948511212587,Organic,5.524155266154152,0,1.0
3,4.386259455413978,0.0943199699424694,Organic,3.227308196919073,1,1.0
3,4.873533097872451,0.2871510747526964,Direct,2.6865786783830887,3,1.0
6,6.343923734569005,0.4479047764483488,Paid,6.055219731368785,0,1.0
7,8.326519829062162,0.4665100176622496,Referral,1.1580270339961332,0,1.0
2,1.5602104450548977,0.3364748732451321,Organic,4.299546824104092,1,1.0
9,2.523334821968622,0.4319839342293509,Organic,5.605537569866635,3,1.0
5,4.691379871550224,0.5690253761537397,Paid,3.1260745818264297,2,1.0
5,3.583452036388952,0.4289132471010129,Social,1.3598957470153603,1,0.941454442964976
3,16.22454955717081,0.4447287219533442,Paid,1.4647821219883808,0,1.0
6,0.0413161558522691,0.3217797594300032,Social,2.342198248063014,0,0.8444464194991335
6,1.3161345566731524,0.0583775184342082,Social,3.1438483552478216,2,1.0
4,0.9897982873405062,0.3444678254556795,Organic,1.4571805930150488,2,0.9540652127318712
6,0.912718581737678,0.4735919877053824,Organic,5.971110243298086,1,1.0
8,0.7551298233816773,0.0803571693100165,Referral,3.995307005232825,1,1.0
4,3.704573016608881,0.2181811897553687,Paid,0.8063150377880876,0,0.8685856130754301
6,0.2657051325411635,0.0607975534014372,Organic,4.169952745211734,2,1.0
4,4.059842084235914,0.2914748598409846,Paid,6.775901875815109,1,1.0
9,3.546886805592093,0.3922502179619785,Paid,4.996096695088254,0,1.0
5,0.8662644729366655,0.2760790049310858,Direct,9.447177491209148,1,1.0
7,0.8744028183153484,0.2439675878291146,Organic,0.6259467890094731,3,1.0
2,2.9735325186600607,0.0586470060205818,Organic,1.9543416147322397,3,1.0
4,4.30861138340666,0.1864878792231956,Paid,4.593907375952387,4,1.0
4,6.274192909437602,0.5036119626139118,Referral,2.256438195191393,0,1.0
7,5.734459347414121,0.4621436520339426,Referral,3.076207271129581,1,1.0
3,10.04720930725396,0.3000232714288142,Direct,9.820490399448405,2,1.0
4,2.612410157572594,0.0218734028399644,Social,7.552043427418957,3,1.0
3,7.179353632469512,0.5574188440789108,Paid,4.939252415539263,4,1.0
3,4.95881035448531,0.3496010033480445,Organic,3.58209452856578,3,1.0
2,6.751903337080199,0.1811623585305238,Paid,5.025677216382494,2,1.0
10,0.0350841561348338,0.2111913169558119,Referral,5.676390227078235,6,1.0
3,10.135636909626571,0.3626253603994951,Social,2.2882764131003004,2,1.0
2,1.924683715218716,0.2749290400969566,Direct,6.279681241870907,3,1.0
6,4.801181643392097,0.3021270844413968,Referral,4.498281810876769,1,1.0
4,0.4081606924669425,0.0496667865321619,Paid,4.438941050774813,1,0.8707625551225189
6,1.512250686946891,0.1704111859030589,Organic,3.2646066561402383,3,1.0
2,0.9501409727365692,0.1428684608484471,Organic,4.960543231333109,1,1.0
4,1.0344880164773216,0.0326400074185401,Organic,6.786894371487861,2,1.0
9,0.3946193998903176,0.1421219109780537,Organic,1.4891969437329708,2,1.0
10,4.916041506817629,0.1996089364518102,Paid,11.270448577178929,2,1.0
5,0.0278558693067282,0.1022160963693555,Organic,7.182616459171757,5,1.0
2,1.1241041607178022,0.1726262339893703,Referral,1.2954181184382183,1,0.808741410148544
3,0.5749729641153012,0.455300875668762,Paid,6.229435049051019,0,1.0
7,2.6677704449408504,0.6628735219704325,Paid,2.8487365091088304,2,1.0
6,0.8801042320052066,0.0534033156194554,Paid,1.1215064993239894,2,1.0
4,0.8992577040934189,0.2655221910510559,Organic,1.9890329848152293,1,1.0
2,2.0102739288551885,0.4027311626329543,Direct,2.1099603489487597,6,1.0
7,3.172604280303979,0.4619725393373604,Organic,5.250922081690352,3,1.0
6,0.3879512715023291,0.45407197238637,Direct,3.23719215245388,2,1.0
7,0.5789760818208356,0.5332629667611426,Organic,4.463998830017147,3,1.0
7,0.8517664279438082,0.2636288002841799,Paid,5.971341704995868,1,1.0
3,10.920063775971544,0.5524749337295802,Organic,4.938726153068528,2,1.0
3,1.5182730489038954,0.1006139721907592,Organic,6.047758017305766,3,1.0
4,2.74130742101271,0.1823086567941546,Paid,1.8383322609285329,3,1.0
5,0.8294067771302173,0.1742754129389725,Referral,2.63499804041186,3,1.0
2,2.022737967466826,0.1156623959328977,Organic,1.5668122799490607,0,1.0
4,0.2310292519777577,0.1404847600277092,Paid,2.76713067510245,2,1.0
7,0.1060800211148671,0.0443309716190363,Organic,1.6430941051575614,3,1.0
5,1.8974746526645525,0.0788199973726241,Organic,2.115108764704841,1,1.0
6,1.5257807873763751,0.4924585774186225,Direct,1.8749121897283847,2,0.92284681625792
4,0.4416057543901814,0.2726558229237903,Social,3.702056686829862,1,1.0
9,3.4904263051112947,0.454004177782686,Paid,8.501808887839161,2,1.0
2,14.844456875399583,0.2539678727769239,Organic,0.5875279099529495,2,1.0
6,1.510789556457278,0.1062988424629068,Organic,2.4444992773749403,3,1.0
4,2.938958922636064,0.3388375016529793,Direct,5.537026360524887,1,1.0
3,9.888562113795707,0.1069404590323315,Organic,2.165047068957617,1,1.0
6,5.343081307035121,0.5436174883513567,Social,6.820577613921636,0,1.0
7,1.8683581871437207,0.5165495030752474,Organic,1.549229618870245,2,1.0
8,4.012392415657499,0.2438356390502074,Direct,2.4951388031029715,2,1.0
9,0.4113621892147157,0.0741389313786081,Organic,2.32153632702548,0,1.0
5,2.1529581430543048,0.3234672527719529,Organic,1.9172863183935875,0,0.7914052338736127
4,0.9815992421500764,0.0806504887517411,Referral,2.7121825600578675,0,1.0
3,0.5272190710581225,0.2989862434211457,Direct,6.905395321033788,3,1.0
7,1.6668461585057024,0.3901534572506104,Direct,3.701651769746404,5,1.0
4,0.4212867070265232,0.2315219432004953,Referral,9.71290478930488,2,1.0
8,3.601786622861142,0.3359751932885947,Social,1.3740837095403169,4,1.0
8,1.8277421608796884,0.5144892936481954,Paid,7.99775354513174,2,1.0
1,2.2723828292867188,0.1298499710338904,Social,0.3293274086532288,1,0.5651242092502247
5,0.4747931739821583,0.1251972298635209,Social,5.586344393324389,1,1.0
4,0.451672243859456,0.3101409707272995,Paid,10.527933834954604,2,1.0
3,2.626997404182121,0.615190885810555,Referral,10.08051226192318,1,1.0
2,12.601065433271472,0.1949298947210351,Paid,1.934418074489334,1,1.0
8,0.3036094525869528,0.1986017543205165,Paid,6.157710663077544,2,1.0
8,1.0094887107039334,0.5745870155945627,Social,7.507664139270798,3,1.0
3,6.10820645414327,0.2364894202310237,Organic,5.360272159703609,2,1.0
4,0.2250501174521088,0.203044727754287,Organic,2.2451111665217853,2,1.0
12,6.259657607735839,0.0449325794403563,Paid,1.701089768515219,1,1.0
3,2.228815232147253,0.2350588892208187,Organic,2.8908946821144554,2,1.0
3,1.574098131886665,0.1457970514355853,Paid,5.949363017088962,0,1.0
4,1.1118025149118185,0.1433944169955327,Direct,2.4372060096775687,2,1.0
3,1.0576951667408423,0.233522795621705,Referral,2.93063267729768,6,1.0
4,1.0949966867942185,0.2361609939083245,Social,2.984800524114473,0,1.0
6,6.483336826572387,0.088121854044778,Organic,5.005642089973444,1,1.0
4,3.859838306084245,0.2803760146819129,Direct,3.345964182505623,2,1.0
3,3.32347081916145,0.1638771965728545,Referral,1.9627280032819197,2,1.0
8,4.809609401647415,0.4044624491994328,Organic,1.9080085391642756,1,1.0
2,0.8916407116196602,0.3189559286991766,Referral,8.271883473370696,6,1.0
3,2.88734025050615,0.1309777882980512,Direct,6.172665477436671,0,1.0
7,1.848926435054092,0.4155616778400806,Organic,4.978849659623314,1,1.0
3,4.575864361632084,0.163215624119696,Paid,3.7519408428933954,1,1.0
7,1.1099584840822512,0.3771590812980558,Direct,0.5726628571766111,3,1.0
5,3.0915598493239616,0.2305418968625149,Organic,7.594405146339999,1,1.0
2,6.416617130371257,0.1027620251814578,Referral,1.9867986240949875,4,1.0
9,1.5432485673877474,0.4569302957016585,Paid,2.1399662816479106,1,1.0
4,0.20683532727819,0.1121521944515421,Organic,5.694481363327313,2,1.0
3,2.1773261478519426,0.2528084630437136,Referral,7.605397338179166,1,1.0
1,1.273817582509197,0.323758367115057,Organic,3.3990251788969634,0,0.99764478960865
2,3.3462871277956974,0.2315827856145597,Social,4.481667297764653,3,1.0
6,9.049821421095364,0.1483175161630302,Organic,0.6863093142600761,1,1.0
10,1.994310829436485,0.0360262474995341,Organic,3.6528731888589103,3,1.0
6,1.883147219206396,0.3801866446706373,Paid,2.842953573914439,2,1.0
6,3.1890243235309823,0.5076603517576309,Organic,4.643855807578182,3,1.0
2,0.327762603980542,0.5790791538875268,Organic,3.989956871778588,2,0.9440663604715588
4,0.877103857880088,0.3350755716524527,Social,1.418386102081835,2,0.9476121309613088
5,7.539152748426757,0.093588873738029,Direct,6.189655777490197,0,1.0
8,3.3254662222277807,0.1441559678544628,Social,5.131592068864188,2,1.0
5,0.0406057001032103,0.3541728515504277,Paid,2.6008764329213543,4,1.0
3,0.6868265146889012,0.2394827594831295,Social,0.933072889000088,2,1.0
1,3.4450208413543484,0.0285351657425848,Direct,9.831420598278944,1,1.0
7,4.336849327504487,0.2201798501037506,Paid,3.392852946562964,3,1.0
7,5.495112533666601,0.212902217886831,Organic,4.631772796051986,3,1.0
4,1.0366828162957331,0.0980371632680197,Organic,1.886511478282199,2,1.0
4,8.02218989728089,0.220423601771081,Paid,5.284369942099853,2,1.0
4,2.4152336553361184,0.0898168326880134,Direct,3.712309840042478,2,1.0
9,3.577506754015314,0.3521730176979641,Paid,4.128122218955233,3,1.0
1,2.724512831128492,0.2071871951033195,Referral,1.3242056356585492,2,1.0
3,0.3928557829471294,0.0955594628862779,Organic,3.824416337933701,1,1.0
4,9.899823240517732,0.4466222320361455,Organic,1.2886745702237143,1,1.0
3,0.3933192796214233,0.2783402235617763,Paid,5.0375838709523935,2,1.0
3,0.8826378761516289,0.3380255209741634,Direct,5.186907640307601,3,1.0
